id,first_name,last_name,email,gender,ip_address,official Work No,Currency,Credit Card
1,Cheri,Micheli,cmicheli0@guardian.co.uk,Female,99.144.196.216,9535698966,CNY,maestro
2,Martita,Hamly,mhamly1@biglobe.ne.jp,Female,26.92.249.210,33431825,BRL,china-unionpay
3,Rachel,Strotton,rstrotton2@mit.edu,Female,139.78.55.4,1069149632,EGP,visa-electron
4,Shayne,Anfonsi,sanfonsi3@nbcnews.com,Male,31.250.98.152,2448979960,MMK,china-unionpay
5,Drake,Bollin,dbollin4@sciencedirect.com,Male,224.173.244.6,7990569884,CAD,maestro
6,Sallyanne,Klemmt,sklemmt5@telegraph.co.uk,Female,31.27.91.95,7470474668,BAM,switch
7,Paula,Sarfas,psarfas6@ovh.net,Female,79.186.218.100,1662182279,LAK,jcb
8,Cynthia,Surman-Wells,csurmanwells7@eepurl.com,Female,220.80.33.49,6231126560,ILS,maestro
9,Barnie,Barck,bbarck8@drupal.org,Male,248.146.62.89,9215844112,KMF,jcb
10,Forster,Goricke,fgoricke9@friendfeed.com,Male,193.103.139.39,9242788341,IRR,jcb
11,Nolan,Paulson,npaulsona@house.gov,Male,80.25.137.236,4887943199,THB,jcb
12,Corabelle,Gilhoolie,cgilhoolieb@example.com,Female,246.5.240.85,3328706593,KRW,jcb
13,Jessamine,Heigl,jheiglc@lycos.com,Female,230.60.162.63,6286842497,CNY,visa-electron
14,Joachim,Fahy,jfahyd@google.co.jp,Male,15.253.1.221,6272260172,IDR,jcb
15,Theo,Klawi,tklawie@aol.com,Male,243.201.133.234,2431655563,UAH,jcb
16,Idelle,Dunbobin,idunbobinf@vimeo.com,Female,1.23.95.213,9772236699,CNY,jcb
17,Gregor,Scotchmore,gscotchmoreg@google.com.au,Male,51.133.129.247,9224185282,TJS,maestro
18,Simone,Cumber,scumberh@smh.com.au,Male,154.204.172.189,3835719688,PHP,jcb
19,Elmira,Slora,eslorai@boston.com,Female,182.206.155.15,2777163944,CNY,jcb
20,Brooke,Lakin,blakinj@wikipedia.org,Female,54.248.200.138,4122708370,BRL,jcb
21,Allayne,Bohman,abohmank@psu.edu,Male,60.121.143.6,8490221146,EUR,jcb
22,Aubrette,Sweet,asweetl@digg.com,Female,182.112.93.95,7358106466,USD,china-unionpay
23,Dotty,Amori,damorim@edublogs.org,Female,39.141.177.63,315282185,ARS,jcb
24,Rickie,McNae,rmcnaen@sohu.com,Male,244.138.126.239,2816050386,CNY,diners-club-us-ca
25,Josh,Dunstall,jdunstallo@latimes.com,Male,115.74.20.174,2211000347,IDR,jcb
26,Dyan,Gockeler,dgockelerp@bloomberg.com,Female,180.213.56.28,2297488300,JOD,jcb
27,Ugo,Aldcorn,ualdcornq@bbc.co.uk,Male,66.82.118.231,2475695986,UAH,jcb
28,Jere,Parades,jparadesr@cnet.com,Female,68.110.177.83,6537418631,CNY,diners-club-international
29,Edin,Cockroft,ecockrofts@redcross.org,Female,209.18.240.214,5167012244,CNY,bankcard
30,Neala,Enderson,nendersont@cocolog-nifty.com,Female,168.192.248.229,7270335222,CNY,jcb
31,Roby,Idell,ridellu@samsung.com,Female,64.103.0.255,4840178704,IDR,jcb
32,Meyer,Bickle,mbicklev@hibu.com,Male,63.168.196.175,1280418850,TND,maestro
33,Dalton,Morrant,dmorrantw@lycos.com,Male,211.148.203.86,6163161688,BYR,jcb
34,Gilburt,Cicchelli,gcicchellix@google.co.jp,Male,210.41.228.21,7407051216,USD,china-unionpay
35,Evyn,Rickertsen,erickertseny@weibo.com,Male,123.38.53.11,9410833574,RUB,visa
36,Yanaton,Tordoff,ytordoffz@hhs.gov,Male,181.149.185.129,7345771504,MGA,jcb
37,Abramo,Evennett,aevennett10@barnesandnoble.com,Male,190.13.43.68,202603717,CNY,jcb
38,Torrence,Lansdown,tlansdown11@icio.us,Male,50.189.163.213,2147832863,RUB,mastercard
39,Denver,Treace,dtreace12@live.com,Male,19.20.207.1,5864804126,UAH,diners-club-enroute
40,Siusan,Camelin,scamelin13@gnu.org,Female,21.141.52.111,8318195752,USD,jcb
41,Hayyim,Stealfox,hstealfox14@narod.ru,Male,135.126.122.220,6036870949,CNY,switch
42,Arnie,Niven,aniven15@imdb.com,Male,118.232.135.105,1937586979,LTL,visa-electron
43,Duane,Haydock,dhaydock16@miibeian.gov.cn,Male,81.193.194.116,176513701,SOS,mastercard
44,Betsy,Collihole,bcollihole17@prnewswire.com,Female,251.73.219.120,4225291685,USD,china-unionpay
45,Lucine,Mohamed,lmohamed18@squidoo.com,Female,0.188.232.212,568754379,IDR,americanexpress
46,Matthew,Deinhardt,mdeinhardt19@vk.com,Male,1.74.242.200,298705923,CNY,jcb
47,Ellwood,Burnip,eburnip1a@lycos.com,Male,116.55.210.134,1308515529,IDR,mastercard
48,Onofredo,Sikora,osikora1b@4shared.com,Male,10.43.59.132,1622006798,IDR,jcb
49,Garrard,Brindle,gbrindle1c@ning.com,Male,255.234.143.8,8347460582,HRK,china-unionpay
50,Allister,Grigolashvill,agrigolashvill1d@wufoo.com,Male,23.66.125.67,7286360914,CNY,jcb
51,Horton,Combes,hcombes1e@blinklist.com,Male,92.95.213.37,5373985988,CNY,maestro
52,Giles,Bazek,gbazek1f@indiatimes.com,Male,96.109.228.120,1691536466,CNY,switch
53,Patience,Thorby,pthorby1g@pbs.org,Female,145.85.9.197,9963601987,CNY,laser
54,Henriette,Plaschke,hplaschke1h@amazon.com,Female,82.239.161.44,1943695792,EUR,instapayment
55,Caresa,Gregory,cgregory1i@example.com,Female,10.113.210.171,6723760913,DOP,visa-electron
56,Cece,Crannell,ccrannell1j@irs.gov,Male,53.185.179.25,510012221,CNY,americanexpress
57,Daisie,Ottey,dottey1k@trellian.com,Female,220.137.25.16,1251231438,SEK,jcb
58,Bogey,Haste,bhaste1l@about.com,Male,40.67.132.39,4219318585,IDR,diners-club-enroute
59,Darnell,Brinicombe,dbrinicombe1m@comcast.net,Male,4.221.122.156,9568675787,IDR,diners-club-carte-blanche
60,Ryon,MacTague,rmactague1n@unblog.fr,Male,176.3.67.84,9561297191,EUR,jcb
61,Rafe,Scopes,rscopes1o@squarespace.com,Male,190.82.87.150,7171165876,CNY,bankcard
62,Angie,Hirtz,ahirtz1p@latimes.com,Male,234.43.41.163,3122850257,IDR,mastercard
63,Angus,Albutt,aalbutt1q@taobao.com,Male,94.176.145.221,6071257891,CNY,diners-club-carte-blanche
64,Anatollo,D'eye,adeye1r@samsung.com,Male,198.245.239.40,2905379782,EUR,maestro
65,Nicol,Gaskarth,ngaskarth1s@sogou.com,Male,200.52.17.177,6870877602,CNY,jcb
66,Chrysa,Seebert,cseebert1t@feedburner.com,Female,183.126.32.53,1953157343,JPY,jcb
67,Pollyanna,Negus,pnegus1u@arizona.edu,Female,68.252.55.24,6005375989,CNY,switch
68,Lorena,Tessington,ltessington1v@4shared.com,Female,236.88.244.244,8516873757,PHP,jcb
69,Zared,Ivens,zivens1w@pagesperso-orange.fr,Male,39.75.146.175,5591336418,IDR,jcb
70,Viki,McVittie,vmcvittie1x@wikia.com,Female,178.145.245.151,4274953580,ZAR,jcb
71,Cammie,McKenna,cmckenna1y@bluehost.com,Female,53.97.36.57,3311163362,CNY,switch
72,Mercie,Dennidge,mdennidge1z@shop-pro.jp,Female,88.145.140.41,2457924898,BRL,visa-electron
73,Renault,Dibdin,rdibdin20@house.gov,Male,37.95.58.172,342288504,IDR,jcb
74,Jayme,Curless,jcurless21@usgs.gov,Female,95.201.219.58,7591757040,EUR,mastercard
75,Odele,Flott,oflott22@plala.or.jp,Female,130.212.249.235,3060450838,CNY,diners-club-carte-blanche
76,Hanson,Shovel,hshovel23@senate.gov,Male,223.212.55.32,7835756927,BRL,americanexpress
77,Siward,Eunson,seunson24@irs.gov,Male,210.170.134.238,9287471428,IDR,switch
78,Kat,Battle,kbattle25@storify.com,Female,188.81.114.157,5939587925,DOP,diners-club-carte-blanche
79,Dyan,Mc Combe,dmccombe26@economist.com,Female,90.55.152.108,4036363611,RUB,maestro
80,Janeta,Pool,jpool27@ow.ly,Female,19.40.194.211,8416132445,IDR,jcb
81,Rebeca,Peers,rpeers28@comsenz.com,Female,59.238.233.209,8698309674,CNY,switch
82,Dalt,Greaves,dgreaves29@google.fr,Male,90.207.7.93,5084735370,RUB,visa
83,Adolpho,O'Hannay,aohannay2a@apache.org,Male,111.84.18.159,3281665926,CNY,mastercard
84,Sheba,Caffery,scaffery2b@amazon.com,Female,170.154.173.163,5441172851,BRL,maestro
85,Earvin,Oxtiby,eoxtiby2c@wunderground.com,Male,99.139.117.16,3328674217,SEK,jcb
86,Anastassia,Lipscombe,alipscombe2d@zdnet.com,Female,179.251.81.113,1402596979,IDR,jcb
87,Sergeant,Cianelli,scianelli2e@foxnews.com,Male,224.234.152.200,667877290,TZS,solo
88,Kerrin,Mayhead,kmayhead2f@sohu.com,Female,113.58.254.99,6047008984,USD,jcb
89,Earl,Chaudron,echaudron2g@biblegateway.com,Male,188.103.69.147,1435373413,AZN,maestro
90,Nady,Haxbie,nhaxbie2h@cisco.com,Female,18.237.200.160,8675022751,IQD,maestro
91,Chrissie,Restieaux,crestieaux2i@eepurl.com,Female,43.40.249.253,4440027636,CAD,laser
92,Goldarina,Handlin,ghandlin2j@nationalgeographic.com,Female,163.173.114.183,3047370028,PLN,china-unionpay
93,Jermaine,Bartlam,jbartlam2k@arizona.edu,Female,135.224.171.249,6495928173,KMF,jcb
94,Jay,Card,jcard2l@paypal.com,Male,188.69.192.234,8729592402,ZMW,mastercard
95,Tobiah,Reina,treina2m@cornell.edu,Male,7.83.184.172,9878183645,MMK,jcb
96,Lou,Bloxland,lbloxland2n@moonfruit.com,Male,58.97.97.189,4747046836,CNY,diners-club-carte-blanche
97,Harvey,Flower,hflower2o@cyberchimps.com,Male,215.34.169.206,1177877783,CNY,jcb
98,Barris,Hosier,bhosier2p@amazon.co.jp,Male,230.248.100.107,7980077237,PHP,diners-club-carte-blanche
99,Ulrick,Wedderburn,uwedderburn2q@so-net.ne.jp,Male,233.13.249.55,958632839,SEK,americanexpress
100,Reade,McLaughlin,rmclaughlin2r@marketwatch.com,Male,83.204.63.154,474271137,NGN,jcb
101,Lizette,Bartram,lbartram2s@dagondesign.com,Female,5.136.27.31,8498977843,MGA,instapayment
102,Winnah,Blees,wblees2t@booking.com,Female,109.166.47.120,8197005885,NGN,switch
103,Lucie,Maryin,lmaryin2u@pinterest.com,Female,95.19.225.53,4464201644,CDF,maestro
104,Crista,Dinis,cdinis2v@ft.com,Female,8.184.209.158,5060904369,BRL,china-unionpay
105,Kessia,Stife,kstife2w@tiny.cc,Female,108.111.145.114,4600655788,EUR,jcb
106,Nan,Partener,npartener2x@about.com,Female,174.10.206.167,5853783262,USD,jcb
107,Dasie,Guillon,dguillon2y@dell.com,Female,172.213.191.193,8740263118,MNT,instapayment
108,Cass,Schneidau,cschneidau2z@yellowpages.com,Female,156.32.95.169,9460487661,RUB,jcb
109,Felisha,Jakubski,fjakubski30@nationalgeographic.com,Female,132.183.238.26,5627016019,CNY,china-unionpay
110,Terri-jo,Boulsher,tboulsher31@bloglines.com,Female,142.40.42.91,2891051343,CNY,jcb
111,Bucky,Adran,badran32@home.pl,Male,9.252.102.75,9760632519,CNY,mastercard
112,Tove,Taveriner,ttaveriner33@purevolume.com,Female,166.237.122.83,8880170295,COP,bankcard
113,Trent,Moan,tmoan34@google.com.br,Male,76.230.174.95,7818419721,JOD,visa-electron
114,Aldis,Finlater,afinlater35@xing.com,Male,61.234.24.151,6861523356,PHP,china-unionpay
115,Ludovico,Rought,lrought36@apache.org,Male,137.151.173.110,9364564693,CNY,jcb
116,Ilario,Gorden,igorden37@huffingtonpost.com,Male,58.96.13.129,4301915028,SEK,jcb
117,Lorens,Whannel,lwhannel38@rakuten.co.jp,Male,154.229.65.196,8230139474,RUB,solo
118,Caz,Wagenen,cwagenen39@github.com,Male,18.139.155.40,2438916214,PLN,visa
119,Alyosha,Godson,agodson3a@adobe.com,Male,59.158.55.32,2046434242,PHP,visa-electron
120,Marrilee,Janota,mjanota3b@google.cn,Female,99.184.4.218,6104461476,CAD,diners-club-carte-blanche
121,Evelyn,Caslake,ecaslake3c@mit.edu,Male,229.147.214.193,70691584,EUR,jcb
122,Earl,Seamon,eseamon3d@wikia.com,Male,59.1.189.7,3682144730,PLN,china-unionpay
123,Melita,Guitonneau,mguitonneau3e@dailymotion.com,Female,41.112.159.138,3811371134,RUB,visa-electron
124,Dimitry,Peidro,dpeidro3f@sciencedirect.com,Male,55.114.218.99,2476290254,BRL,maestro
125,Amata,Epine,aepine3g@bing.com,Female,175.127.140.99,2311719297,EUR,mastercard
126,Sheridan,Casewell,scasewell3h@discuz.net,Male,147.106.15.20,2308480513,SEK,mastercard
127,Sholom,Serrell,sserrell3i@marriott.com,Male,135.85.121.82,8089763111,COP,visa-electron
128,Lyndell,Appleby,lappleby3j@mozilla.com,Female,139.251.223.126,9098002633,PHP,bankcard
129,Clifford,Kitto,ckitto3k@tiny.cc,Male,119.36.216.91,2413879021,CNY,bankcard
130,Gillie,Paddington,gpaddington3l@sakura.ne.jp,Female,172.225.179.188,3873115956,HRK,bankcard
131,Bentley,Overal,boveral3m@chicagotribune.com,Male,10.15.120.139,6731260827,SEK,laser
132,Dionisio,Hallam,dhallam3n@instagram.com,Male,189.111.237.33,5156086748,CNY,jcb
133,Gareth,Wolverson,gwolverson3o@joomla.org,Male,52.80.61.81,5542867545,PLN,jcb
134,Dougy,Kinig,dkinig3p@msn.com,Male,208.146.178.81,2848956534,PLN,jcb
135,Gretel,Lidgely,glidgely3q@theglobeandmail.com,Female,82.208.13.187,287612066,IDR,bankcard
136,Aldon,Guilloneau,aguilloneau3r@icq.com,Male,125.68.78.237,5043405740,BRL,jcb
137,Angel,Isaacson,aisaacson3s@illinois.edu,Female,88.135.177.227,6293425723,BGN,jcb
138,Lowrance,Shergill,lshergill3t@pen.io,Male,214.44.115.69,8419287377,USD,jcb
139,Basia,Tassaker,btassaker3u@myspace.com,Female,123.44.72.128,6420813441,RUB,china-unionpay
140,Pauly,Guiduzzi,pguiduzzi3v@imdb.com,Male,73.104.243.67,6282314399,PHP,americanexpress
141,Rita,Paten,rpaten3w@oaic.gov.au,Female,236.136.245.240,7594467388,UAH,mastercard
142,Astrix,Elles,aelles3x@jalbum.net,Female,246.56.76.137,6610305838,PHP,maestro
143,Tam,Seabrocke,tseabrocke3y@4shared.com,Male,238.209.84.200,7513165947,CNY,jcb
144,Lucinda,Bayman,lbayman3z@opensource.org,Female,245.34.167.211,1934575445,RUB,jcb
145,Arther,Wales,awales40@purevolume.com,Male,220.118.241.221,238692884,JMD,maestro
146,Vikki,Kermeen,vkermeen41@mysql.com,Female,202.174.123.216,9073901324,CNY,mastercard
147,Angelita,Blaschek,ablaschek42@reference.com,Female,215.43.196.37,7536509545,PLN,diners-club-us-ca
148,Mollie,Fanning,mfanning43@goo.ne.jp,Female,59.86.142.16,9194530599,EUR,jcb
149,Hertha,Vigietti,hvigietti44@cnbc.com,Female,182.124.205.88,4335480032,PLN,mastercard
150,Miguelita,Caton,mcaton45@parallels.com,Female,253.245.37.155,3330170972,MDL,diners-club-us-ca
151,Chryste,Panyer,cpanyer46@lulu.com,Female,67.102.125.65,1952116503,PEN,jcb
152,Sib,Leftridge,sleftridge47@seesaa.net,Female,254.55.8.177,839597053,EUR,maestro
153,Marti,Blogg,mblogg48@ovh.net,Female,208.130.35.123,1626191905,EUR,jcb
154,Cecil,Grandham,cgrandham49@google.pl,Male,186.223.196.9,7208526850,CNY,mastercard
155,Shay,Maddern,smaddern4a@shop-pro.jp,Female,43.23.125.112,3061276009,CNY,visa
156,Ulick,Skingle,uskingle4b@list-manage.com,Male,25.189.12.43,5755343403,CNY,diners-club-carte-blanche
157,Cleopatra,Bagster,cbagster4c@de.vu,Female,130.190.192.86,8976323556,BRL,maestro
158,Ced,Antuoni,cantuoni4d@dailymotion.com,Male,246.200.94.235,3248760656,EUR,diners-club-us-ca
159,Lucien,Rivers,lrivers4e@theguardian.com,Male,138.25.194.141,1822462584,CAD,mastercard
160,Sander,Rathke,srathke4f@theatlantic.com,Male,234.132.101.251,1102943096,IDR,jcb
161,Teodor,Jerson,tjerson4g@dyndns.org,Male,135.78.240.182,1288577060,KZT,jcb
162,Conney,Lethbridge,clethbridge4h@cbsnews.com,Male,84.22.103.119,2836003332,CNY,mastercard
163,Ruth,Woollends,rwoollends4i@ftc.gov,Female,166.111.87.165,4593964709,CNY,jcb
164,Pauli,Anten,panten4j@guardian.co.uk,Female,29.41.14.248,9757414093,ILS,switch
165,Nate,Aspden,naspden4k@ezinearticles.com,Male,21.16.185.31,6163457749,PLN,maestro
166,Darrelle,Skerritt,dskerritt4l@mapquest.com,Female,189.117.59.76,2133248285,CNY,jcb
167,Graig,Iddons,giddons4m@ebay.com,Male,43.220.123.253,5047424758,BRL,jcb
168,Allsun,Birchill,abirchill4n@yellowpages.com,Female,77.179.179.178,1666131520,EUR,maestro
169,Harbert,Coxwell,hcoxwell4o@hibu.com,Male,115.153.193.95,1356894224,CNY,mastercard
170,Arnold,Farquar,afarquar4p@economist.com,Male,15.78.42.158,9742112231,ISK,mastercard
171,Rivy,Haggerstone,rhaggerstone4q@epa.gov,Female,32.100.44.228,138125244,IDR,jcb
172,Shoshana,Cane,scane4r@hostgator.com,Female,68.186.219.97,5137043931,MKD,jcb
173,Jody,Sandwich,jsandwich4s@live.com,Female,42.50.117.108,8880741330,CNY,china-unionpay
174,Bondy,Gaylard,bgaylard4t@blogtalkradio.com,Male,153.252.122.126,6929240540,BYR,jcb
175,Claudianus,Patifield,cpatifield4u@samsung.com,Male,223.20.237.8,1563404311,PLN,jcb
176,Reeva,Coomes,rcoomes4v@paginegialle.it,Female,99.37.157.147,1588604128,EGP,diners-club-carte-blanche
177,Bay,Laweles,blaweles4w@nps.gov,Male,163.129.218.9,3815450322,MXN,diners-club-enroute
178,Wilton,Tennet,wtennet4x@statcounter.com,Male,149.177.205.209,5075383238,BRL,visa-electron
179,Arthur,Boller,aboller4y@parallels.com,Male,122.183.164.219,5131326850,PLN,jcb
180,Frank,Files,ffiles4z@yandex.ru,Male,177.245.99.32,9379633858,RUB,jcb
181,Bertie,Hellyar,bhellyar50@admin.ch,Male,50.42.115.243,8868739631,RSD,jcb
182,Frederigo,Armatidge,farmatidge51@wsj.com,Male,74.176.24.102,2530774552,VEF,jcb
183,Shepard,Coulling,scoulling52@omniture.com,Male,75.195.217.101,8992716419,IDR,jcb
184,Alaric,Cary,acary53@instagram.com,Male,162.28.57.101,9272011043,MYR,bankcard
185,Mavra,Drohun,mdrohun54@gnu.org,Female,142.52.168.28,6356841036,EUR,bankcard
186,Heall,Klimko,hklimko55@google.ca,Male,110.251.178.231,8636291879,MXN,americanexpress
187,Gayle,Managh,gmanagh56@1und1.de,Female,102.55.35.235,9278113832,CZK,americanexpress
188,Townsend,Frenchum,tfrenchum57@ed.gov,Male,196.229.150.228,7107087495,RUB,diners-club-carte-blanche
189,Drud,Gimbrett,dgimbrett58@auda.org.au,Male,139.104.239.201,7558812801,IDR,jcb
190,Rebekkah,Strachan,rstrachan59@about.com,Female,221.139.106.113,2943927120,BRL,china-unionpay
191,Dorette,Pourveer,dpourveer5a@tuttocitta.it,Female,213.129.131.52,494513322,UZS,mastercard
192,Steven,Tompsett,stompsett5b@economist.com,Male,80.16.172.121,3941646249,CNY,jcb
193,Marjy,Frantz,mfrantz5c@dagondesign.com,Female,166.134.233.15,5119826172,MXN,instapayment
194,Flor,Greatbank,fgreatbank5d@narod.ru,Female,73.147.35.232,2991331593,IDR,visa-electron
195,Raphael,Tripett,rtripett5e@opera.com,Male,98.152.58.201,4678137351,XOF,jcb
196,Dyan,Forrester,dforrester5f@meetup.com,Female,94.179.31.114,6775243596,DJF,jcb
197,Hailey,Fozzard,hfozzard5g@blogtalkradio.com,Male,100.227.48.115,7571124034,IRR,jcb
198,Benedetto,Garrit,bgarrit5h@list-manage.com,Male,40.210.118.99,2381189866,ARS,jcb
199,Stinky,Dregan,sdregan5i@amazonaws.com,Male,150.92.164.245,5087926770,USD,jcb
200,Carlin,Simonyi,csimonyi5j@sogou.com,Male,33.120.114.186,2591048487,CZK,jcb
201,Mata,Nice,mnice5k@pbs.org,Male,93.68.167.96,8871309820,PLN,bankcard
202,Gray,Richie,grichie5l@loc.gov,Male,126.106.29.128,4294578963,EUR,visa-electron
203,Karmen,Zanetello,kzanetello5m@symantec.com,Female,229.99.40.190,2950888356,MGA,diners-club-carte-blanche
204,Stavros,McKimmey,smckimmey5n@histats.com,Male,116.181.47.67,970517092,CNY,diners-club-us-ca
205,Melva,Bosher,mbosher5o@artisteer.com,Female,254.86.130.165,8386989947,RUB,visa-electron
206,Ninetta,Fausset,nfausset5p@1688.com,Female,209.249.195.167,9446370655,UAH,diners-club-carte-blanche
207,Mame,Schultheiss,mschultheiss5q@examiner.com,Female,85.106.197.238,8196913605,IDR,jcb
208,Kenton,Slimming,kslimming5r@usgs.gov,Male,169.15.15.47,7012358580,PHP,jcb
209,Hendrik,Benois,hbenois5s@flickr.com,Male,225.101.217.21,1174661119,PHP,solo
210,Malynda,Malecky,mmalecky5t@unesco.org,Female,239.243.118.190,6437101520,ILS,mastercard
211,Michele,Waryk,mwaryk5u@wunderground.com,Female,151.169.79.59,410547182,BRL,china-unionpay
212,Obediah,Murfett,omurfett5v@studiopress.com,Male,181.168.89.20,8662006787,BRL,laser
213,Domeniga,Billsberry,dbillsberry5w@eepurl.com,Female,198.78.152.45,9278419532,PHP,mastercard
214,Bar,Proschke,bproschke5x@vimeo.com,Male,28.223.214.59,6395952668,CNY,diners-club-enroute
215,Rudolfo,Fleckness,rfleckness5y@prlog.org,Male,157.184.6.4,2289294160,HRK,jcb
216,Killian,Turland,kturland5z@theguardian.com,Male,55.170.118.254,6412678549,CNY,switch
217,Garrot,Scotney,gscotney60@slashdot.org,Male,54.254.15.82,2721558714,CAD,jcb
218,Maria,Goodlake,mgoodlake61@purevolume.com,Female,53.161.15.225,5225734510,BRL,jcb
219,Philippe,O'Hannen,pohannen62@soundcloud.com,Female,81.221.131.179,4220850902,BRL,visa-electron
220,Charmane,Veitch,cveitch63@un.org,Female,92.25.184.165,8684834968,RUB,bankcard
221,Yvon,Oneill,yoneill64@purevolume.com,Male,158.49.194.172,5903474942,ALL,diners-club-international
222,Gifford,Paterson,gpaterson65@upenn.edu,Male,1.194.128.131,9212432018,PLN,jcb
223,Emmerich,Oxshott,eoxshott66@theglobeandmail.com,Male,149.249.195.55,2075253277,EUR,mastercard
224,Evelyn,Plummer,eplummer67@census.gov,Male,119.238.101.215,4613490243,CAD,jcb
225,Eward,Descroix,edescroix68@g.co,Male,39.245.34.38,2887251821,BOB,jcb
226,Marje,Bickerdicke,mbickerdicke69@desdev.cn,Female,28.186.5.214,8866860352,CNY,maestro
227,Shaylah,Sweynson,ssweynson6a@twitpic.com,Female,246.227.2.3,5133034776,AMD,jcb
228,Ingaberg,Meffin,imeffin6b@home.pl,Female,244.232.171.191,8662006787,IDR,laser
229,Sheridan,Wibberley,swibberley6c@purevolume.com,Male,143.163.94.205,8309352328,EUR,mastercard
230,Joly,Decruse,jdecruse6d@mac.com,Female,51.13.126.144,454929595,THB,diners-club-carte-blanche
231,Morgen,Witchalls,mwitchalls6e@networksolutions.com,Female,75.197.105.248,4932575025,CNY,diners-club-carte-blanche
232,Amandi,Croisdall,acroisdall6f@redcross.org,Female,221.156.192.51,9208741516,MXN,jcb
233,Evaleen,Baldick,ebaldick6g@twitpic.com,Female,123.198.7.222,966184238,MYR,jcb
234,Claudie,Sellwood,csellwood6h@jigsy.com,Female,65.107.234.71,187244987,CUP,jcb
235,Lucian,Serrels,lserrels6i@zimbio.com,Male,222.102.251.133,8662006787,EUR,jcb
236,Kenyon,Killimister,kkillimister6j@slideshare.net,Male,35.39.185.113,2593874430,PLN,jcb
237,Sharyl,Iacavone,siacavone6k@storify.com,Female,21.167.160.52,2943953830,IDR,mastercard
238,Claus,Forstall,cforstall6l@accuweather.com,Male,94.40.59.252,4086245485,RUB,jcb
239,Brittan,Littlefield,blittlefield6m@unc.edu,Female,165.23.102.210,3700761058,SLL,bankcard
240,Caryl,Spilsted,cspilsted6n@webeden.co.uk,Female,246.248.34.71,5937851943,CNY,switch
241,Rorie,Stonhouse,rstonhouse6o@nsw.gov.au,Female,184.104.100.156,1621455114,CNY,diners-club-carte-blanche
242,Priscilla,Lawlie,plawlie6p@opera.com,Female,115.231.83.163,8662006787,CNY,jcb
243,Freeman,Blair,fblair6q@mayoclinic.com,Male,39.121.125.153,8583512825,CLP,china-unionpay
244,Patton,Jencey,pjencey6r@amazon.co.jp,Male,60.148.107.167,1158572980,ALL,jcb
245,Anatole,Neggrini,aneggrini6s@jiathis.com,Male,203.113.77.157,1038129982,RUB,maestro
246,Emera,Schrieves,eschrieves6t@msn.com,Female,83.8.195.11,2106562551,NOK,switch
247,Vally,Rubroe,vrubroe6u@bizjournals.com,Female,179.214.250.230,594431859,ARS,jcb
248,Filberte,Braunroth,fbraunroth6v@nba.com,Male,112.154.96.87,4322458882,MXN,visa
249,Christy,McGibbon,cmcgibbon6w@privacy.gov.au,Female,245.163.231.59,3326670036,AFN,jcb
250,Junette,Dudenie,jdudenie6x@ocn.ne.jp,Female,20.32.212.35,4195903343,IDR,jcb
251,Cacilie,Bethune,cbethune6y@discovery.com,Female,200.227.135.230,6455680936,EUR,jcb
252,Lorry,Arlow,larlow6z@cafepress.com,Male,206.179.230.47,4889155619,CZK,diners-club-carte-blanche
253,Mel,Willers,mwillers70@arstechnica.com,Female,43.58.123.128,7824897893,CNY,jcb
254,Lucien,Verner,lverner71@opera.com,Male,167.201.69.123,136973876,CNY,mastercard
255,Claiborne,Dahill,cdahill72@homestead.com,Male,57.14.38.238,5746748994,CNY,jcb
256,Bernelle,Lacey,blacey73@apple.com,Female,30.216.252.150,5197504587,CNY,jcb
257,Marlow,Tripney,mtripney74@opera.com,Male,80.235.72.221,9250942605,ARS,visa-electron
258,Blake,Berggren,bberggren75@wikipedia.org,Female,35.225.129.198,9966451730,EUR,jcb
259,Willard,Du Plantier,wduplantier76@amazon.co.uk,Male,29.125.36.190,2330217536,BRL,jcb
260,Franklin,Westhofer,fwesthofer77@yahoo.com,Male,79.19.109.109,1252349319,TJS,diners-club-enroute
261,Darius,Pauli,dpauli78@ovh.net,Male,65.71.49.230,6338083036,ZMW,jcb
262,Abbey,Bernadot,abernadot79@miitbeian.gov.cn,Male,104.41.157.118,6094648188,CAD,laser
263,Rutledge,Bennet,rbennet7a@imageshack.us,Male,164.94.45.98,1110101627,DOP,jcb
264,Minna,Slatten,mslatten7b@facebook.com,Female,123.25.105.242,114765650,UAH,bankcard
265,Ryun,Whatling,rwhatling7c@ocn.ne.jp,Male,224.113.139.202,5066293450,RUB,laser
266,Normy,Stihl,nstihl7d@smugmug.com,Male,101.64.53.38,9634532616,IDR,jcb
267,Daisi,Coles,dcoles7e@economist.com,Female,216.45.183.112,4801943268,PLN,visa-electron
268,Yasmin,Jolland,yjolland7f@aboutads.info,Female,154.172.63.150,1205553630,EUR,jcb
269,Mitzi,Coltherd,mcoltherd7g@barnesandnoble.com,Female,181.214.212.113,8262665228,EUR,jcb
270,Caitrin,Whewill,cwhewill7h@theglobeandmail.com,Female,58.62.59.215,2205565664,IDR,jcb
271,Ashlen,Kopisch,akopisch7i@google.es,Female,147.126.119.200,6865214609,CNY,switch
272,Lucilia,Bowart,lbowart7j@sfgate.com,Female,193.120.216.176,7711801300,SEK,americanexpress
273,Yorgo,Spain,yspain7k@weibo.com,Male,193.149.160.116,8485392124,UAH,jcb
274,Payton,Elcum,pelcum7l@1688.com,Male,41.1.113.196,1308165056,CNY,visa-electron
275,Silvie,Ranahan,sranahan7m@over-blog.com,Female,204.104.8.155,4127965649,CLP,mastercard
276,Howey,Danielut,hdanielut7n@rakuten.co.jp,Male,165.3.68.24,4903677044,RUB,switch
277,Austin,Pepall,apepall7o@usatoday.com,Male,86.118.37.0,4688568819,THB,jcb
278,Bekki,Yakobovitz,byakobovitz7p@stanford.edu,Female,190.107.178.238,9823999783,CNY,americanexpress
279,Gabi,Rowthorn,growthorn7q@cyberchimps.com,Female,49.78.100.87,3190186952,IRR,switch
280,Miner,Morston,mmorston7r@cbslocal.com,Male,145.165.0.151,1710013842,RUB,diners-club-us-ca
281,Carilyn,Wrettum,cwrettum7s@jimdo.com,Female,231.56.28.202,3932083202,IDR,instapayment
282,Mina,Mulcahy,mmulcahy7t@wunderground.com,Female,224.57.159.167,5089563381,CNY,bankcard
283,Kelli,Mauchline,kmauchline7u@discovery.com,Female,119.115.180.255,5702750527,PHP,jcb
284,Kim,O'Shields,koshields7v@google.de,Male,184.170.149.19,7437613026,PEN,jcb
285,Tymon,Ianiello,tianiello7w@tumblr.com,Male,157.117.179.101,6527521324,RUB,diners-club-us-ca
286,Shirlee,Paik,spaik7x@phoca.cz,Female,157.233.77.42,5474482876,LBP,jcb
287,Beatrice,Gobolos,bgobolos7y@fotki.com,Female,121.148.237.213,5174865478,HRK,mastercard
288,Moss,Farrant,mfarrant7z@prlog.org,Male,77.194.35.46,3751077480,RUB,jcb
289,Immanuel,Titmarsh,ititmarsh80@com.com,Male,220.131.253.24,421142286,CNY,visa-electron
290,Micah,Vigietti,mvigietti81@noaa.gov,Male,110.106.163.146,4090818737,RUB,diners-club-enroute
291,De,Cardoe,dcardoe82@blogger.com,Female,148.199.177.111,9600153388,EUR,jcb
292,Collen,Espinosa,cespinosa83@sogou.com,Female,222.98.161.137,7690394256,IDR,visa
293,Giacopo,Arnal,garnal84@angelfire.com,Male,56.18.212.101,9345680128,ILS,jcb
294,Dolf,Crumbie,dcrumbie85@themeforest.net,Male,127.133.181.192,4783436797,BAM,jcb
295,Grannie,Couronne,gcouronne86@goodreads.com,Male,51.69.235.208,729717607,CZK,diners-club-enroute
296,Bondie,Caldecourt,bcaldecourt87@merriam-webster.com,Male,255.156.15.61,2000736114,BGN,jcb
297,Dalli,Aubin,daubin88@rediff.com,Male,159.105.10.192,494990961,SEK,jcb
298,Belva,Becerro,bbecerro89@unc.edu,Female,111.127.204.63,4741867676,ARS,jcb
299,Lyn,Glazzard,lglazzard8a@japanpost.jp,Male,90.236.132.250,5055519428,JMD,jcb
300,Hamlen,Halladey,hhalladey8b@netscape.com,Male,86.92.59.158,6272382200,CNY,jcb
301,Chauncey,Purkess,cpurkess8c@desdev.cn,Male,116.21.16.7,2646371691,AZN,jcb
302,Hakim,Ammer,hammer8d@trellian.com,Male,5.146.177.52,6441163020,RSD,mastercard
303,Law,Devonish,ldevonish8e@sitemeter.com,Male,220.107.112.14,1155436709,CZK,jcb
304,Stanly,Gaudon,sgaudon8f@homestead.com,Male,155.90.139.25,5666582399,PLN,switch
305,Fredrick,Heibel,fheibel8g@squidoo.com,Male,217.161.58.111,7041499553,IDR,mastercard
306,Munmro,Mattevi,mmattevi8h@senate.gov,Male,240.71.72.255,8362992883,BGN,jcb
307,Fabio,Semerad,fsemerad8i@cmu.edu,Male,247.222.246.239,360940153,MAD,jcb
308,Keary,Tours,ktours8j@ezinearticles.com,Male,251.104.133.202,3419697147,PHP,laser
309,Brandea,Eriksson,beriksson8k@tamu.edu,Female,207.67.236.248,2891211731,IDR,americanexpress
310,Osbert,Collaton,ocollaton8l@instagram.com,Male,83.156.158.122,2842444485,RUB,jcb
311,Nissie,Iles,niles8m@google.fr,Female,210.59.141.205,5942663599,CZK,solo
312,Gaylene,Kittel,gkittel8n@columbia.edu,Female,103.47.132.216,2538139384,CNY,jcb
313,Revkah,Boodle,rboodle8o@dedecms.com,Female,6.7.222.13,4673724445,UAH,mastercard
314,Barny,Goodge,bgoodge8p@bbc.co.uk,Male,208.48.90.66,3217644565,EUR,jcb
315,Ula,Sheards,usheards8q@kickstarter.com,Female,227.90.64.208,1477690360,EUR,jcb
316,Cyndi,Fridaye,cfridaye8r@bandcamp.com,Female,180.199.2.22,7974011459,USD,switch
317,Virge,Sigart,vsigart8s@washington.edu,Male,241.128.90.243,1110961456,BOB,mastercard
318,Vergil,Benoix,vbenoix8t@netlog.com,Male,125.129.78.80,1826212272,EUR,instapayment
319,Fowler,Blanche,fblanche8u@chronoengine.com,Male,123.226.150.55,4413660242,UAH,diners-club-enroute
320,Prudence,Halgarth,phalgarth8v@drupal.org,Female,238.9.185.101,5405349062,UGX,diners-club-enroute
321,Obed,Munford,omunford8w@deviantart.com,Male,180.178.175.3,8461042565,PLN,jcb
322,Bert,Guyer,bguyer8x@over-blog.com,Female,236.19.168.248,1752577604,PLN,mastercard
323,Meris,Hastie,mhastie8y@marketwatch.com,Female,166.244.33.175,7572115039,AFN,diners-club-carte-blanche
324,Valentine,Kerbler,vkerbler8z@cnn.com,Male,117.247.234.250,6220029747,PHP,bankcard
325,Gerladina,Heijnen,gheijnen90@liveinternet.ru,Female,61.38.104.248,5590811198,LTL,americanexpress
326,Peter,Showen,pshowen91@ezinearticles.com,Male,120.111.51.81,3610184604,PKR,visa
327,Jackson,Mafham,jmafham92@jigsy.com,Male,205.228.144.211,2856909221,CNY,jcb
328,Lee,Truse,ltruse93@delicious.com,Female,183.112.207.84,3781263800,ARS,bankcard
329,Mart,Guinness,mguinness94@instagram.com,Male,77.216.222.51,4808114119,AFN,jcb
330,Drusi,McLellan,dmclellan95@ucla.edu,Female,163.15.251.65,588353256,BRL,diners-club-enroute
331,Arni,Emblen,aemblen96@cbsnews.com,Male,9.140.16.201,2305199260,IDR,jcb
332,Elden,O'Dowling,eodowling97@narod.ru,Male,235.105.95.1,6976704973,SEK,mastercard
333,Sibella,Guillart,sguillart98@bloglovin.com,Female,212.171.214.252,1285525736,EUR,jcb
334,Shermie,Pinnegar,spinnegar99@macromedia.com,Male,239.171.68.133,3847846396,RUB,jcb
335,Hazlett,Ruddle,hruddle9a@twitpic.com,Male,58.5.173.56,6352654657,NGN,switch
336,Hayley,Arnald,harnald9b@dedecms.com,Female,164.82.218.38,5168395635,RUB,jcb
337,Hesther,O'Dogherty,hodogherty9c@is.gd,Female,64.146.2.214,3759270689,RUB,switch
338,Babette,Meni,bmeni9d@typepad.com,Female,240.54.220.191,364931450,IDR,jcb
339,Gilberta,Gourdon,ggourdon9e@wikispaces.com,Female,248.111.23.177,5713471373,MXN,jcb
340,Farr,Taylder,ftaylder9f@ebay.com,Male,119.61.193.250,9301089890,RUB,jcb
341,Mathe,Perin,mperin9g@arstechnica.com,Male,110.78.162.233,2224806442,CNY,diners-club-carte-blanche
342,Bone,Rubroe,brubroe9h@so-net.ne.jp,Male,254.42.186.164,3697852876,IDR,jcb
343,Bendick,Mackstead,bmackstead9i@seattletimes.com,Male,182.148.199.134,8465648921,GTQ,mastercard
344,Winni,Bartolozzi,wbartolozzi9j@seesaa.net,Female,217.69.130.250,4150895376,RWF,jcb
345,Karlyn,Renfield,krenfield9k@theatlantic.com,Female,149.31.152.111,2613183675,BRL,bankcard
346,Immanuel,Michin,imichin9l@eventbrite.com,Male,96.164.193.187,4517551121,RUB,visa-electron
347,Burton,Dougher,bdougher9m@linkedin.com,Male,202.39.179.36,5803248347,IDR,maestro
348,Evelyn,Sivier,esivier9n@ezinearticles.com,Male,151.22.109.237,6543113812,EUR,jcb
349,Wade,Cowely,wcowely9o@state.gov,Male,29.144.231.203,7001201332,CNY,china-unionpay
350,Shell,Keuning,skeuning9p@google.co.uk,Female,77.183.58.36,3651811077,AOA,diners-club-carte-blanche
351,Dene,Castanares,dcastanares9q@joomla.org,Male,18.61.23.5,9139154203,VEF,jcb
352,Verge,Yendall,vyendall9r@sun.com,Male,228.43.139.15,1663233918,XOF,solo
353,Richart,Paxeford,rpaxeford9s@reuters.com,Male,46.15.184.203,2049954999,IDR,jcb
354,Dennet,Najera,dnajera9t@gizmodo.com,Male,232.164.67.47,478155751,CNY,jcb
355,Pyotr,Jori,pjori9u@google.com.hk,Male,216.157.223.248,2398914666,SEK,china-unionpay
356,Garvin,Allwood,gallwood9v@gravatar.com,Male,108.92.36.50,4663985017,CNY,americanexpress
357,Paola,Goodhay,pgoodhay9w@yellowbook.com,Female,14.81.67.247,3615402065,RUB,china-unionpay
358,Carley,Jennemann,cjennemann9x@addthis.com,Female,157.230.248.207,6238269596,CNY,jcb
359,Newton,Cella,ncella9y@mac.com,Male,73.182.59.7,7800997006,CNY,jcb
360,Blair,Crix,bcrix9z@netscape.com,Female,28.31.121.99,122395697,BRL,mastercard
361,Kalli,Low,klowa0@github.io,Female,233.219.1.30,1650706766,RUB,jcb
362,Basilius,Beamiss,bbeamissa1@weibo.com,Male,67.121.169.140,6519057428,IDR,americanexpress
363,Myranda,Cellone,mcellonea2@indiatimes.com,Female,231.200.171.103,3421791880,EUR,mastercard
364,Kipp,Attreed,kattreeda3@globo.com,Male,188.200.197.136,1707564442,CNY,mastercard
365,Mala,Landes,mlandesa4@lycos.com,Female,84.180.57.17,2391971419,BGN,jcb
366,Jere,Pettifer,jpettifera5@wunderground.com,Female,104.98.165.9,6764979022,YER,americanexpress
367,Federica,Stot,fstota6@phpbb.com,Female,118.164.26.84,7026610171,CNY,diners-club-carte-blanche
368,Dillie,Chamberlayne,dchamberlaynea7@bravesites.com,Male,206.65.22.220,6709168433,CNY,jcb
369,Staci,Rigmand,srigmanda8@dailymotion.com,Female,79.193.247.46,4318709094,CNY,jcb
370,Farlay,Balfe,fbalfea9@twitter.com,Male,75.237.80.221,417078005,MNT,jcb
371,Ilyse,Robilart,irobilartaa@state.tx.us,Female,27.108.238.22,3896385488,CNY,diners-club-enroute
372,Gustie,Leyninye,gleyninyeab@java.com,Female,34.166.190.127,9013985270,CNY,jcb
373,Randy,Mapledorum,rmapledorumac@nba.com,Female,194.139.103.68,6607286089,EGP,switch
374,Richie,Dorbon,rdorbonad@php.net,Male,224.99.62.88,7068514014,UGX,americanexpress
375,Broddie,Handrik,bhandrikae@va.gov,Male,196.187.105.18,6428953838,PEN,laser
376,Maribelle,Pithie,mpithieaf@whitehouse.gov,Female,85.106.84.155,1707001197,CAD,switch
377,Cassie,Mackilpatrick,cmackilpatrickag@dmoz.org,Male,164.181.217.233,752615912,RUB,mastercard
378,Bev,Garmons,bgarmonsah@biblegateway.com,Male,181.156.19.109,8648821878,NIO,jcb
379,Hildagarde,Niccolls,hniccollsai@amazonaws.com,Female,184.45.134.245,3786132798,PEN,diners-club-enroute
380,Colly,McNicol,cmcnicolaj@engadget.com,Female,147.80.27.226,6783070573,CNY,switch
381,Halie,Blabber,hblabberak@sphinn.com,Female,53.225.186.20,8750859897,ZAR,jcb
382,Gwyneth,Boken,gbokenal@guardian.co.uk,Female,23.130.63.11,2995194140,EUR,jcb
383,Larina,Beveridge,lbeveridgeam@feedburner.com,Female,251.93.16.57,3757587820,AFN,visa
384,Thomasa,Antonov,tantonovan@ning.com,Female,67.169.189.75,7809676482,IDR,visa-electron
385,Adelbert,Luc,alucao@storify.com,Male,163.115.163.186,1959484583,THB,mastercard
386,Melvyn,Salazar,msalazarap@geocities.jp,Male,44.187.27.247,4560631220,BRL,solo
387,Link,Maggiore,lmaggioreaq@craigslist.org,Male,241.191.63.122,612859037,JPY,jcb
388,Sonnie,Schottli,sschottliar@opera.com,Female,172.128.165.124,5096041689,IDR,mastercard
389,Latisha,Ellyatt,lellyattas@dot.gov,Female,126.4.169.142,7741157841,CNY,switch
390,Darren,Creech,dcreechat@cnet.com,Male,122.220.27.141,3179199288,CNY,mastercard
391,Arabela,Babin,ababinau@arizona.edu,Female,2.172.36.217,2226722629,JPY,diners-club-enroute
392,Giuditta,Kwietak,gkwietakav@narod.ru,Female,211.66.215.215,7749461574,BRL,maestro
393,Anson,Jirzik,ajirzikaw@cocolog-nifty.com,Male,109.184.149.44,7618769303,EUR,visa
394,Arne,Conrart,aconrartax@ca.gov,Male,101.105.172.155,9031002038,BRL,mastercard
395,Sonni,Tregoning,stregoningay@amazon.co.jp,Female,89.62.226.0,7623557718,CNY,diners-club-carte-blanche
396,Alexander,Etchells,aetchellsaz@yellowbook.com,Male,83.25.17.103,7284337516,CNY,bankcard
397,Massimiliano,Gerber,mgerberb0@npr.org,Male,237.23.72.67,3137908728,SEK,maestro
398,Alwyn,Absolom,aabsolomb1@mozilla.org,Male,181.112.192.182,5069455583,SEK,mastercard
399,Ruby,Queyos,rqueyosb2@dagondesign.com,Female,199.28.103.56,5193328032,CNY,switch
400,Cornell,Stot,cstotb3@dmoz.org,Male,76.192.249.150,6025905800,BRL,mastercard
401,Tommy,Olwen,tolwenb4@irs.gov,Male,222.243.111.93,3269669348,SEK,mastercard
402,Bobina,Denial,bdenialb5@discuz.net,Female,197.250.121.100,7091841727,RUB,switch
403,Garrick,Golbourn,ggolbournb6@stanford.edu,Male,146.185.129.168,9342021115,EUR,diners-club-enroute
404,Maggi,Keegan,mkeeganb7@yale.edu,Female,111.223.68.143,8213485874,UAH,switch
405,Deana,Lawleff,dlawleffb8@vinaora.com,Female,240.231.109.3,3873216094,MXN,switch
406,Jarad,Symones,jsymonesb9@prlog.org,Male,59.94.80.108,9032865978,CNY,mastercard
407,Silvio,Janowicz,sjanowiczba@fema.gov,Male,252.198.30.95,6712722527,CNY,jcb
408,Jennica,Trethowan,jtrethowanbb@businessinsider.com,Female,122.216.71.172,7944740193,EUR,jcb
409,Lorrie,Loughney,lloughneybc@scribd.com,Male,224.61.76.165,1405197501,LKR,jcb
410,Brook,Bakes,bbakesbd@ihg.com,Female,170.177.11.55,2250592179,NGN,americanexpress
411,Berti,Eltringham,beltringhambe@patch.com,Male,250.134.44.111,7957649203,CNY,jcb
412,Rois,Burbage,rburbagebf@google.co.jp,Female,214.158.4.149,7094473648,EUR,laser
413,Salim,Scyner,sscynerbg@answers.com,Male,205.239.216.24,8766682606,LKR,jcb
414,Brooks,Ruselin,bruselinbh@prlog.org,Female,17.68.217.51,6132155333,CNY,mastercard
415,Iorgos,Mandeville,imandevillebi@tripadvisor.com,Male,156.106.51.226,1848111223,EUR,diners-club-enroute
416,Welch,Barbary,wbarbarybj@amazonaws.com,Male,152.220.186.60,902944088,CNY,china-unionpay
417,Godfrey,Berardt,gberardtbk@buzzfeed.com,Male,244.103.217.168,6319807687,CNY,diners-club-us-ca
418,Mortimer,Skeleton,mskeletonbl@newsvine.com,Male,146.192.115.84,6375334640,CNY,laser
419,Ralina,Shepperd,rshepperdbm@cbc.ca,Female,125.30.80.156,8317432874,IDR,instapayment
420,Janene,Arlet,jarletbn@reuters.com,Female,187.148.194.57,8766304539,USD,diners-club-international
421,Annabel,Buckam,abuckambo@sfgate.com,Female,215.10.152.114,1015098266,MXN,diners-club-enroute
422,Corly,Fontenot,cfontenotbp@weibo.com,Female,74.236.172.100,1781583838,IDR,jcb
423,Justis,Culverhouse,jculverhousebq@timesonline.co.uk,Male,63.86.89.176,9419353532,BDT,jcb
424,Rourke,Spillane,rspillanebr@imgur.com,Male,64.51.62.240,3241890694,RUB,china-unionpay
425,Sigismondo,Pennicott,spennicottbs@google.es,Male,127.28.222.54,8144989422,IDR,maestro
426,Germaine,Geddes,ggeddesbt@howstuffworks.com,Male,44.68.129.132,7635143085,KZT,jcb
427,Laverne,Furmenger,lfurmengerbu@google.com.br,Female,12.91.109.212,8573963956,CNY,jcb
428,Lorene,Curcher,lcurcherbv@cnn.com,Female,167.205.174.208,59649011,RUB,china-unionpay
429,Marne,Chimienti,mchimientibw@ebay.com,Female,227.91.166.245,8156291514,CNY,jcb
430,Devonna,Berzins,dberzinsbx@geocities.jp,Female,183.249.170.56,2485799571,ARS,switch
431,Enrique,Cruickshanks,ecruickshanksby@zdnet.com,Male,183.254.68.157,5909470167,PHP,jcb
432,Cristobal,Streat,cstreatbz@acquirethisname.com,Male,211.247.229.21,1482623145,IDR,jcb
433,Elie,Culbard,eculbardc0@java.com,Female,239.137.15.209,378137646,RUB,mastercard
434,Ted,Redhills,tredhillsc1@creativecommons.org,Female,74.169.227.197,5635827810,IDR,jcb
435,Fara,Humble,fhumblec2@senate.gov,Female,58.64.75.40,3299258095,IDR,mastercard
436,Sanderson,Knuckles,sknucklesc3@sun.com,Male,61.9.65.28,2498731474,IDR,jcb
437,Bonny,Biers,bbiersc4@dropbox.com,Female,208.20.139.233,796612048,IDR,jcb
438,Quincy,Gino,qginoc5@netlog.com,Male,166.210.141.23,230374255,CNY,laser
439,Chery,Tuite,ctuitec6@vinaora.com,Female,143.207.45.119,4394457793,THB,mastercard
440,Alanah,Colegrove,acolegrovec7@engadget.com,Female,156.106.10.233,6609856206,PLN,jcb
441,Cherlyn,Cona,cconac8@timesonline.co.uk,Female,19.120.66.13,8437918227,PHP,jcb
442,Luci,Borthwick,lborthwickc9@yellowpages.com,Female,120.49.12.225,3285141417,BRL,diners-club-carte-blanche
443,Ninnetta,Iacivelli,niacivellica@csmonitor.com,Female,240.113.212.158,6673092890,IDR,jcb
444,Nikolia,Mattiacci,nmattiaccicb@gravatar.com,Female,17.18.92.153,8884842387,KES,diners-club-enroute
445,Rodrigo,Godbald,rgodbaldcc@oracle.com,Male,170.64.118.57,1306375517,USD,mastercard
446,Dane,Romei,dromeicd@symantec.com,Male,26.133.247.196,7289294025,BDT,jcb
447,Aubine,Wolsey,awolseyce@xinhuanet.com,Female,11.120.207.17,2874629960,JPY,maestro
448,Melosa,Threlfall,mthrelfallcf@freewebs.com,Female,12.38.183.11,1241976228,IDR,maestro
449,Laural,Arthurs,larthurscg@acquirethisname.com,Female,129.16.154.210,9911513165,CNY,jcb
450,Chick,Smaleman,csmalemanch@privacy.gov.au,Male,107.68.156.122,8025813789,PLN,diners-club-carte-blanche
451,Garold,Cornelius,gcorneliusci@simplemachines.org,Male,191.141.165.52,8972128236,EUR,jcb
452,Staford,Eastup,seastupcj@gravatar.com,Male,182.174.186.14,776683861,EUR,americanexpress
453,Carley,Itter,citterck@deliciousdays.com,Female,69.60.24.200,2169126481,KZT,jcb
454,Alden,Wayper,awaypercl@techcrunch.com,Male,116.111.106.189,1790283752,EUR,jcb
455,Bell,Hearnah,bhearnahcm@networksolutions.com,Female,36.35.233.14,5091596054,IDR,jcb
456,Heather,Harrowsmith,hharrowsmithcn@devhub.com,Female,38.33.175.27,1399880969,GTQ,jcb
457,Norma,Sproat,nsproatco@irs.gov,Female,222.95.8.186,9098992900,IDR,americanexpress
458,Casey,Olijve,colijvecp@alibaba.com,Male,121.133.100.211,3564003517,MNT,mastercard
459,Wes,Lamboll,wlambollcq@google.com.hk,Male,32.201.14.218,3979685160,AMD,americanexpress
460,Pascal,Smaridge,psmaridgecr@scribd.com,Male,161.138.192.93,8740562530,IDR,mastercard
461,Barnebas,Rowell,browellcs@prweb.com,Male,238.36.139.243,9412624077,IDR,diners-club-enroute
462,De,Awmack,dawmackct@123-reg.co.uk,Female,97.106.74.161,5903188788,CNY,bankcard
463,Tymothy,Alexandre,talexandrecu@whitehouse.gov,Male,157.42.137.63,2295191483,RSD,americanexpress
464,Donalt,Maevela,dmaevelacv@epa.gov,Male,169.31.34.68,6713402569,UAH,jcb
465,Brennen,Turbefield,bturbefieldcw@purevolume.com,Male,86.215.137.238,7451988910,PEN,jcb
466,Vivyan,Clementel,vclementelcx@163.com,Female,255.243.116.222,4323803893,RUB,mastercard
467,Nanny,McMorland,nmcmorlandcy@freewebs.com,Female,243.48.45.13,1178547825,GEL,jcb
468,Kurt,Stanners,kstannerscz@arizona.edu,Male,147.105.79.214,6746395111,CNY,jcb
469,Ransom,Grinyov,rgrinyovd0@whitehouse.gov,Male,95.210.169.127,8162314865,AZN,visa-electron
470,Terrence,Kermannes,tkermannesd1@usda.gov,Male,10.182.205.76,5865172344,AZN,bankcard
471,Astrid,Parkisson,aparkissond2@ed.gov,Female,107.117.55.215,3617412440,RUB,mastercard
472,Walther,Osipenko,wosipenkod3@ft.com,Male,141.67.170.168,6186154602,CNY,mastercard
473,Lauren,Ruggieri,lruggierid4@arstechnica.com,Female,70.153.67.89,6485730044,RUB,jcb
474,Channa,Novill,cnovilld5@state.gov,Female,31.2.22.62,7766404583,IDR,jcb
475,Kamilah,Birdis,kbirdisd6@live.com,Female,209.14.92.123,7686487784,EGP,china-unionpay
476,Wash,Ellerby,wellerbyd7@cloudflare.com,Male,137.78.224.17,6099419829,IDR,laser
477,Carce,Masarrat,cmasarratd8@comcast.net,Male,203.154.30.241,6748142385,EUR,mastercard
478,Les,Kilfeather,lkilfeatherd9@columbia.edu,Male,62.126.20.135,971548560,EUR,bankcard
479,Winny,Gregore,wgregoreda@cmu.edu,Female,23.152.70.39,1857423003,EUR,diners-club-carte-blanche
480,Rodolfo,Wixon,rwixondb@wikipedia.org,Male,103.130.69.10,6942859842,EUR,mastercard
481,Andrei,Bradnock,abradnockdc@google.com,Female,62.33.135.77,703035711,IDR,switch
482,Jess,Grastye,jgrastyedd@google.ca,Male,206.251.161.244,3077244136,ARS,jcb
483,Nanete,Pearle,npearlede@wisc.edu,Female,134.28.246.229,9173655481,USD,mastercard
484,Brina,Wolfit,bwolfitdf@qq.com,Female,46.38.206.77,8635904311,CNY,switch
485,Hobard,Scrine,hscrinedg@house.gov,Male,219.164.210.17,4046827521,RUB,jcb
486,Agnella,Lared,alareddh@purevolume.com,Female,122.136.251.55,730296601,CNY,visa-electron
487,Ulysses,Riddington,uriddingtondi@icio.us,Male,121.198.122.192,5132071813,EUR,instapayment
488,Sharlene,Crookston,scrookstondj@youku.com,Female,202.240.193.217,2797078365,USD,mastercard
489,Vince,Treagust,vtreagustdk@qq.com,Male,157.235.253.227,3569371417,CNY,jcb
490,Keefe,Sutor,ksutordl@merriam-webster.com,Male,9.93.16.92,3728249297,THB,mastercard
491,Shelby,Balshen,sbalshendm@biblegateway.com,Female,116.11.253.183,1919780971,BRL,china-unionpay
492,Adelina,Moorfield,amoorfielddn@nydailynews.com,Female,221.4.160.192,9765775997,SEK,jcb
493,Bay,Bendle,bbendledo@gizmodo.com,Male,118.74.89.234,4129266101,HTG,jcb
494,Dov,Trewman,dtrewmandp@goo.ne.jp,Male,114.241.44.253,9251940347,EUR,diners-club-carte-blanche
495,Reade,Dodridge,rdodridgedq@smh.com.au,Male,47.148.86.179,4123316565,SEK,diners-club-enroute
496,Aurelie,Hayler,ahaylerdr@nymag.com,Female,103.102.9.147,6104463061,KZT,jcb
497,Malinda,Osbaldstone,mosbaldstoneds@adobe.com,Female,245.247.146.109,3977701681,PHP,jcb
498,Yance,Wanell,ywanelldt@patch.com,Male,4.11.140.153,7221130167,CNY,jcb
499,Aloysius,Blooman,abloomandu@usatoday.com,Male,112.249.99.1,8843852493,PGK,visa
500,Eddi,Atherton,eathertondv@amazon.co.uk,Female,246.32.112.42,3758052742,RUB,maestro
501,Zollie,Perillo,zperillodw@ow.ly,Male,17.231.60.112,165153482,CNY,switch
502,Dallas,Sher,dsherdx@tinyurl.com,Female,51.235.49.106,6396986264,BWP,maestro
503,Alicia,Woltering,awolteringdy@google.nl,Female,47.46.170.185,6391085196,CNY,jcb
504,Reg,Stedman,rstedmandz@yahoo.co.jp,Male,235.44.8.74,9619046528,CNY,visa
505,Rebekah,Blandford,rblandforde0@rakuten.co.jp,Female,131.216.101.242,7486038277,COP,maestro
506,Sawyere,Kobu,skobue1@utexas.edu,Male,244.246.158.208,3785947259,VND,diners-club-carte-blanche
507,Lenette,Richen,lrichene2@earthlink.net,Female,63.213.28.105,1285341643,IDR,maestro
508,Veronike,Kornacki,vkornackie3@nifty.com,Female,43.210.134.167,1376005115,CNY,mastercard
509,Harold,Oles,holese4@cnn.com,Male,107.172.34.154,7046203954,VND,americanexpress
510,Weber,Wilkisson,wwilkissone5@histats.com,Male,153.41.86.132,9623673558,AZN,visa-electron
511,Win,Kerfut,wkerfute6@nymag.com,Male,203.92.33.142,8542987829,COP,americanexpress
512,Brittne,Dmitriev,bdmitrieve7@abc.net.au,Female,80.81.222.8,7328105437,EUR,bankcard
513,Cob,Barhem,cbarheme8@utexas.edu,Male,170.58.117.213,1686019416,RUB,jcb
514,Reggis,Vanne,rvannee9@squidoo.com,Male,3.199.247.168,4154053965,RUB,jcb
515,Georgette,Allmark,gallmarkea@dropbox.com,Female,149.36.39.78,6539234023,CNY,mastercard
516,Coretta,Raspel,craspeleb@stumbleupon.com,Female,119.34.40.19,5267337900,IDR,visa-electron
517,Miltie,Worg,mworgec@state.tx.us,Male,106.56.119.111,3131309504,COP,bankcard
518,Heddie,Hawkings,hhawkingsed@mozilla.com,Female,216.193.195.84,8726342553,XOF,americanexpress
519,Bernhard,Congrave,bcongraveee@europa.eu,Male,215.204.63.140,6658349789,BRL,jcb
520,Kristal,Shelliday,kshellidayef@psu.edu,Female,85.101.95.34,966014944,EUR,jcb
521,Adlai,Hullot,ahulloteg@icio.us,Male,227.34.235.247,9005151978,RUB,mastercard
522,Yalonda,Milbourn,ymilbourneh@spiegel.de,Female,16.192.112.26,9509926582,CZK,jcb
523,Morgana,Woodford,mwoodfordei@ustream.tv,Female,194.80.154.193,2154618790,THB,diners-club-enroute
524,Myca,Duplock,mduplockej@posterous.com,Male,127.94.8.171,180116134,TJS,diners-club-carte-blanche
525,Carey,Franey,cfraneyek@bloglines.com,Male,236.183.16.212,4226122542,CNY,diners-club-enroute
526,Ettie,St Ange,estangeel@netlog.com,Female,167.143.21.155,7121546302,RUB,jcb
527,Tabby,Frapwell,tfrapwellem@comcast.net,Female,152.133.210.166,6049906432,PEN,jcb
528,Darice,Chafer,dchaferen@mlb.com,Female,6.75.177.68,9330196055,CUP,visa
529,Kiersten,Fardy,kfardyeo@home.pl,Female,147.141.36.25,2268342182,RUB,maestro
530,Slade,Luxon,sluxonep@instagram.com,Male,249.224.37.239,8662006787,EUR,diners-club-enroute
531,Hale,Alesbrook,halesbrookeq@bloomberg.com,Male,125.87.5.123,4785694084,RUB,jcb
532,Tine,Lambersen,tlambersener@chicagotribune.com,Female,110.99.203.255,3418824579,PEN,mastercard
533,Meridith,Daulton,mdaultones@army.mil,Female,255.64.229.174,9063470010,EUR,visa
534,Aloise,Mollindinia,amollindiniaet@domainmarket.com,Female,142.17.224.8,2357191988,BRL,instapayment
535,Abrahan,Davioud,adavioudeu@amazonaws.com,Male,92.71.51.151,6594499939,IDR,jcb
536,Monty,Lambert-Ciorwyn,mlambertciorwynev@go.com,Male,31.76.182.171,5438634009,NGN,jcb
537,Nickola,Dumbarton,ndumbartonew@trellian.com,Male,165.186.197.71,1686205570,SEK,jcb
538,Alex,Sindall,asindallex@unesco.org,Male,195.162.216.8,4556158281,CNY,diners-club-enroute
539,Wiley,Gherardelli,wgherardelliey@arstechnica.com,Male,232.169.66.62,6426232688,PHP,switch
540,Maureen,Klasen,mklasenez@buzzfeed.com,Female,69.215.217.208,1063925339,UZS,jcb
541,Hogan,McKirton,hmckirtonf0@blogspot.com,Male,190.93.50.30,9111502533,PEN,jcb
542,Townsend,Coburn,tcoburnf1@hexun.com,Male,20.249.209.35,9139242293,IDR,jcb
543,Corri,Coram,ccoramf2@columbia.edu,Female,47.28.208.0,4931607284,EUR,jcb
544,Briant,Wittey,bwitteyf3@columbia.edu,Male,1.88.163.216,2438011149,SAR,switch
545,Carr,Minillo,cminillof4@mit.edu,Male,178.158.252.135,2929781696,IDR,jcb
546,Idaline,Phebey,iphebeyf5@ifeng.com,Female,27.185.87.244,9727159486,CNY,jcb
547,Marin,Barrat,mbarratf6@ftc.gov,Female,79.230.21.227,8550419575,ERN,jcb
548,Ryan,Culpen,rculpenf7@tuttocitta.it,Male,255.135.155.109,8459831949,PHP,switch
549,Sam,Shenley,sshenleyf8@youtube.com,Female,69.48.63.79,3081516609,AZN,jcb
550,Gwendolen,Barfoot,gbarfootf9@wiley.com,Female,50.215.167.25,6898135643,IDR,mastercard
551,Trevar,Ouchterlony,touchterlonyfa@cbc.ca,Male,57.57.253.246,1388477777,CNY,laser
552,Hugues,Cogar,hcogarfb@technorati.com,Male,212.234.0.23,5916408145,CNY,switch
553,Sula,Barczewski,sbarczewskifc@tamu.edu,Female,87.61.117.28,1376021889,CNY,maestro
554,Minna,Mc Meekan,mmcmeekanfd@marketwatch.com,Female,122.141.81.134,7700329559,SEK,mastercard
555,Madelene,Prosh,mproshfe@cargocollective.com,Female,190.186.32.235,2337228894,DOP,switch
556,Mano,Moiser,mmoiserff@google.com,Male,224.180.247.107,7321513467,USD,jcb
557,Ragnar,Scintsbury,rscintsburyfg@mapy.cz,Male,247.94.120.194,6525286557,IDR,jcb
558,Deane,Gayton,dgaytonfh@soup.io,Male,39.60.91.175,5803642975,CNY,americanexpress
559,Torin,Bottjer,tbottjerfi@mlb.com,Male,154.157.21.254,6806767893,IDR,jcb
560,Maximilian,Simonelli,msimonellifj@ucsd.edu,Male,10.190.251.182,2219183122,IDR,visa
561,Kore,Fashion,kfashionfk@spotify.com,Female,8.94.217.105,6157814780,PEN,jcb
562,Conn,Langfat,clangfatfl@abc.net.au,Male,92.225.201.190,6646030650,CNY,jcb
563,Nelie,Jantet,njantetfm@slideshare.net,Female,3.247.187.60,2791179356,IDR,jcb
564,Alleyn,Meckiff,ameckifffn@lulu.com,Male,107.160.216.149,7615457742,HRK,diners-club-us-ca
565,Marris,Calwell,mcalwellfo@china.com.cn,Female,81.127.202.9,9279954458,IDR,jcb
566,Cesar,Antonucci,cantonuccifp@wix.com,Male,116.167.64.168,2190139430,IDR,mastercard
567,Lorens,Pittam,lpittamfq@netlog.com,Male,167.245.247.181,6430084965,PEN,diners-club-enroute
568,Tades,Angrock,tangrockfr@xing.com,Male,139.137.224.150,1650862822,EUR,diners-club-carte-blanche
569,Sarine,Dangerfield,sdangerfieldfs@newyorker.com,Female,230.211.107.113,1936154803,CNY,jcb
570,Lorne,Beckmann,lbeckmannft@intel.com,Male,245.39.46.7,653043090,YER,jcb
571,Flora,Rulton,frultonfu@techcrunch.com,Female,64.254.158.34,885188233,PHP,visa-electron
572,Phedra,Medwell,pmedwellfv@businessweek.com,Female,230.208.96.44,3004316420,PLN,americanexpress
573,Randy,Goodsall,rgoodsallfw@mtv.com,Female,143.23.27.139,6584468348,EUR,jcb
574,Albert,Yakov,ayakovfx@youtube.com,Male,41.89.34.68,2627528971,AFN,jcb
575,Dag,Duddan,dduddanfy@sciencedaily.com,Male,198.86.19.226,247171255,RUB,visa
576,Fabio,Mothersole,fmothersolefz@economist.com,Male,63.100.186.5,4230232144,PEN,jcb
577,Ardelle,Bawles,abawlesg0@fda.gov,Female,229.253.120.146,7555242966,CAD,jcb
578,Cirillo,Gever,cgeverg1@addthis.com,Male,202.198.28.105,7930062910,RUB,bankcard
579,Baron,Woodwind,bwoodwindg2@ezinearticles.com,Male,141.218.192.246,6726315759,CNY,jcb
580,Waylin,Taffe,wtaffeg3@bbc.co.uk,Male,50.135.138.215,1897379994,ARS,jcb
581,Averil,Hook,ahookg4@yandex.ru,Male,10.149.221.55,3559840880,IDR,jcb
582,Jasmina,James,jjamesg5@mozilla.com,Female,191.250.145.95,6480894162,CNY,maestro
583,Marlene,Bolden,mboldeng6@multiply.com,Female,150.125.220.244,9071367886,CAD,maestro
584,Richmond,Seacroft,rseacroftg7@usda.gov,Male,216.229.55.85,4101086915,CZK,maestro
585,Candice,Follitt,cfollittg8@wikia.com,Female,182.34.79.163,3837328112,SDG,diners-club-carte-blanche
586,Lynnea,Fontes,lfontesg9@cargocollective.com,Female,34.220.64.85,9409963850,CNY,solo
587,Ara,Lauritzen,alauritzenga@wired.com,Female,170.251.100.20,4618238577,PHP,maestro
588,Randa,Kinforth,rkinforthgb@simplemachines.org,Female,133.152.63.170,2896242392,PGK,jcb
589,Berkeley,Kemmet,bkemmetgc@squarespace.com,Male,253.83.82.170,5977142633,GTQ,jcb
590,Duffy,Pirri,dpirrigd@istockphoto.com,Male,146.70.38.188,4884957083,MDL,diners-club-carte-blanche
591,Fan,Cowperthwaite,fcowperthwaitege@cdc.gov,Female,203.168.149.36,3508103188,COP,jcb
592,Hamlin,Casino,hcasinogf@qq.com,Male,146.155.107.141,3312103991,EUR,visa-electron
593,Janeen,Hourigan,jhourigangg@opensource.org,Female,94.152.100.1,735116113,IDR,jcb
594,Ingaborg,Tite,ititegh@microsoft.com,Female,229.155.131.252,3385121205,CZK,mastercard
595,Olenolin,Freshwater,ofreshwatergi@bandcamp.com,Male,248.13.71.25,3746446481,CZK,jcb
596,Frasco,Wetwood,fwetwoodgj@mashable.com,Male,142.64.117.86,3715927615,CNY,jcb
597,Cherianne,Querrard,cquerrardgk@whitehouse.gov,Female,10.248.105.196,8321823432,PHP,mastercard
598,Dalt,Shields,dshieldsgl@si.edu,Male,95.189.68.110,5314899248,BRL,jcb
599,Tara,Lorraine,tlorrainegm@technorati.com,Female,68.209.185.242,302005587,IDR,jcb
600,Bebe,Aleksankin,baleksankingn@skyrock.com,Female,122.191.145.199,2437526269,IDR,diners-club-carte-blanche
601,Lily,Gowans,lgowansgo@google.ru,Female,223.22.44.249,3323868269,IDR,china-unionpay
602,Conrado,Guirau,cguiraugp@umn.edu,Male,96.147.103.46,2175586707,EUR,visa-electron
603,Denna,Brownhill,dbrownhillgq@ca.gov,Female,74.78.155.109,9116515870,CNY,jcb
604,Lorette,Dodwell,ldodwellgr@ca.gov,Female,165.180.94.243,2965043136,MMK,visa
605,Lurette,Eam,leamgs@adobe.com,Female,143.34.45.27,1115606921,JPY,jcb
606,Fannie,Clackson,fclacksongt@marriott.com,Female,155.77.163.116,5610083516,RUB,jcb
607,Raffarty,Tudge,rtudgegu@statcounter.com,Male,47.239.226.159,5261293413,NIO,jcb
608,Stanford,Schiementz,sschiementzgv@shinystat.com,Male,42.155.245.57,3034698046,IDR,jcb
609,Goraud,Forlonge,gforlongegw@shutterfly.com,Male,184.208.128.175,7892822461,LTL,visa
610,Simmonds,Cleghorn,scleghorngx@buzzfeed.com,Male,173.241.51.180,5662295840,CNY,bankcard
611,Rouvin,Shilito,rshilitogy@linkedin.com,Male,173.247.164.245,1015756174,IDR,jcb
612,Kendricks,Shambroke,kshambrokegz@biglobe.ne.jp,Male,224.133.110.51,8375177768,BDT,jcb
613,Jaine,Adrien,jadrienh0@cnet.com,Female,138.165.251.226,3571665562,IDR,visa-electron
614,Fawn,Hullin,fhullinh1@google.de,Female,122.84.244.21,1456076175,IDR,switch
615,Laird,Paroni,lparonih2@livejournal.com,Male,2.41.158.156,4496260719,PLN,switch
616,Kitti,Marquand,kmarquandh3@godaddy.com,Female,0.140.186.255,6791546085,PHP,jcb
617,Maurie,Brodie,mbrodieh4@vk.com,Male,172.210.229.203,6417809471,PHP,visa-electron
618,Travers,Regitz,tregitzh5@discovery.com,Male,248.162.62.64,5317430267,CNY,jcb
619,Anna,Webland,aweblandh6@about.me,Female,170.146.188.216,2530622965,CNY,china-unionpay
620,Noni,Hargraves,nhargravesh7@fotki.com,Female,186.29.212.246,4342262991,DJF,jcb
621,Maurice,Skyrme,mskyrmeh8@weather.com,Male,163.236.252.154,3819277404,PYG,bankcard
622,Reid,Strathern,rstrathernh9@dropbox.com,Male,173.156.78.7,4700511958,RUB,instapayment
623,Matthaeus,Adelberg,madelbergha@homestead.com,Male,35.56.12.213,9526594991,PLN,visa-electron
624,Goraud,Jaye,gjayehb@flickr.com,Male,51.81.254.214,4486269519,BRL,jcb
625,Pegeen,Lesek,plesekhc@tamu.edu,Female,193.251.113.217,5953247826,ILS,diners-club-enroute
626,Floria,Ianniello,fianniellohd@businesswire.com,Female,66.145.80.139,6333974943,GHS,switch
627,Tracey,McGillivray,tmcgillivrayhe@networkadvertising.org,Female,45.58.134.149,83948945,CNY,china-unionpay
628,Tim,Cunrado,tcunradohf@noaa.gov,Female,6.166.45.192,7902989738,PHP,jcb
629,Dawna,Baversor,dbaversorhg@shop-pro.jp,Female,208.40.24.77,4386474862,BYR,bankcard
630,Shel,Izchaki,sizchakihh@netscape.com,Female,66.228.99.2,5809519660,EUR,diners-club-enroute
631,Ruby,Weymont,rweymonthi@ed.gov,Female,210.197.234.41,5068459461,OMR,mastercard
632,Gabriello,Bolger,gbolgerhj@tumblr.com,Male,84.236.16.175,3956804376,CDF,diners-club-carte-blanche
633,Adolpho,Cicculi,acicculihk@samsung.com,Male,190.133.170.116,2628144107,BYR,jcb
634,Eyde,Parkman,eparkmanhl@edublogs.org,Female,246.196.150.49,8000143682,USD,jcb
635,Farlay,Seth,fsethhm@dailymotion.com,Male,152.52.52.144,8448729455,IDR,maestro
636,Honoria,Courtonne,hcourtonnehn@parallels.com,Female,97.143.155.154,2509937715,THB,jcb
637,Kristi,Parnham,kparnhamho@twitpic.com,Female,0.12.99.34,4628133328,RUB,solo
638,Stephani,Favey,sfaveyhp@bloomberg.com,Female,45.37.147.180,4585498893,EUR,diners-club-carte-blanche
639,Gilbertina,Shakspeare,gshakspearehq@deviantart.com,Female,244.76.64.22,9541362028,IDR,jcb
640,Concettina,Theseira,ctheseirahr@amazon.com,Female,149.83.174.18,3590029382,EUR,jcb
641,Reg,Oty,rotyhs@pen.io,Male,199.116.53.58,2206151855,THB,jcb
642,Alanson,Apps,aappsht@wired.com,Male,35.59.144.190,13080393,XAF,jcb
643,Pierrette,McAvey,pmcaveyhu@artisteer.com,Female,27.30.35.168,3736116152,CZK,diners-club-carte-blanche
644,Ellyn,Cleave,ecleavehv@unesco.org,Female,112.109.68.240,293638780,USD,jcb
645,Willdon,Swindall,wswindallhw@dyndns.org,Male,251.222.174.144,8420090891,USD,americanexpress
646,Tarah,Laguerre,tlaguerrehx@usda.gov,Female,19.36.80.187,537322078,SEK,jcb
647,Lucas,Tregaskis,ltregaskishy@hostgator.com,Male,252.73.138.113,4395576206,IDR,laser
648,Marve,Gofford,mgoffordhz@technorati.com,Male,13.5.122.193,4081304343,BRL,jcb
649,Rosalinde,Prin,rprini0@timesonline.co.uk,Female,6.181.226.77,445245239,EUR,mastercard
650,Ravid,Finnigan,rfinnigani1@stumbleupon.com,Male,120.95.147.214,4041410924,SAR,china-unionpay
651,Noby,Cartmill,ncartmilli2@wisc.edu,Male,190.117.181.210,2536175650,VEF,jcb
652,Hector,Scrivner,hscrivneri3@jugem.jp,Male,172.142.13.251,1862092184,UAH,jcb
653,Arlee,Cathel,acatheli4@wix.com,Female,61.134.25.242,6669515294,CNY,jcb
654,Murial,Newtown,mnewtowni5@photobucket.com,Female,227.187.214.160,1844136434,IRR,diners-club-us-ca
655,Melisa,Ramstead,mramsteadi6@cargocollective.com,Female,127.129.35.249,5469390888,CAD,maestro
656,Retha,Kellington,rkellingtoni7@biglobe.ne.jp,Female,4.141.65.121,6487420123,RUB,diners-club-carte-blanche
657,Mabel,Blackater,mblackateri8@infoseek.co.jp,Female,247.6.39.209,7633349166,BYR,jcb
658,Farrand,Martinat,fmartinati9@google.ru,Female,220.151.113.180,9984300684,CZK,mastercard
659,Isabel,Lippiello,ilippielloia@craigslist.org,Female,126.179.63.81,9433536533,EUR,laser
660,Launce,McPeice,lmcpeiceib@europa.eu,Male,81.148.110.133,7857658405,BRL,mastercard
661,Issie,Hewins,ihewinsic@google.pl,Female,136.115.244.101,6500497554,EUR,jcb
662,Wenonah,Joul,wjoulid@blinklist.com,Female,63.221.127.16,9280415719,RUB,mastercard
663,Lyell,Filby,lfilbyie@discuz.net,Male,217.248.182.22,9025943926,CNY,visa
664,Valentina,Bountiff,vbountiffif@vinaora.com,Female,93.202.254.235,7269279683,RUB,china-unionpay
665,Herby,Kiddye,hkiddyeig@hp.com,Male,200.54.228.213,701728825,EUR,china-unionpay
666,Salomone,Shakshaft,sshakshaftih@newyorker.com,Male,48.112.211.128,2992302422,ERN,maestro
667,Scarlet,Coggings,scoggingsii@deviantart.com,Female,62.239.170.166,8620562924,SEK,mastercard
668,Athena,Sebborn,asebbornij@webnode.com,Female,93.64.123.72,6629846605,EUR,americanexpress
669,Simone,Slyde,sslydeik@ed.gov,Male,130.221.143.186,179848143,JPY,mastercard
670,Reg,Lorrimer,rlorrimeril@addtoany.com,Male,104.29.155.119,677091745,CLP,jcb
671,Cally,Liebmann,cliebmannim@guardian.co.uk,Female,132.97.189.32,4081919437,CNY,americanexpress
672,Bard,Chippin,bchippinin@homestead.com,Male,114.207.80.16,5489752084,ALL,bankcard
673,Inger,Few,ifewio@123-reg.co.uk,Female,253.141.84.96,9415632798,RUB,jcb
674,Kahlil,Carruth,kcarruthip@cam.ac.uk,Male,2.34.55.248,3403241718,CNY,mastercard
675,Thurston,Mortlock,tmortlockiq@theglobeandmail.com,Male,255.7.110.66,5410764641,PHP,americanexpress
676,Allan,Heskin,aheskinir@adobe.com,Male,77.75.156.160,7423910775,CNY,diners-club-enroute
677,Gideon,Cubuzzi,gcubuzziis@dion.ne.jp,Male,236.151.38.168,8291522561,PLN,maestro
678,Tracy,McGilvray,tmcgilvrayit@google.ru,Male,119.134.18.79,1112032282,DOP,laser
679,Giavani,Werner,gwerneriu@blogs.com,Male,210.86.31.55,9894986625,SEK,instapayment
680,Ileana,Van den Bosch,ivandenboschiv@icq.com,Female,72.92.52.152,8283911198,THB,jcb
681,Arlana,Tulloch,atullochiw@tmall.com,Female,45.71.43.2,9686813993,EUR,switch
682,Alyss,Bachmann,abachmannix@springer.com,Female,102.196.199.30,6077289159,TND,jcb
683,Luce,Millan,lmillaniy@who.int,Male,49.217.60.203,6912182259,CAD,jcb
684,Gwyneth,Steeden,gsteedeniz@webs.com,Female,58.100.75.128,8086982386,IDR,jcb
685,York,Stoffler,ystofflerj0@dot.gov,Male,195.111.167.51,7370288145,HRK,visa-electron
686,Garland,Ambrose,gambrosej1@ox.ac.uk,Female,13.18.173.159,2960146794,EUR,mastercard
687,Curcio,Paschke,cpaschkej2@geocities.jp,Male,55.32.22.35,9206724355,BRL,laser
688,Myrlene,Yukhov,myukhovj3@mapquest.com,Female,37.13.63.1,7959476977,MXN,bankcard
689,Moselle,Leedes,mleedesj4@pbs.org,Female,58.222.12.245,1390139697,PHP,jcb
690,Paten,Sangwine,psangwinej5@google.ru,Male,250.17.181.85,1775133818,PHP,jcb
691,Gabe,Newnham,gnewnhamj6@flavors.me,Male,129.95.254.202,7796439237,EUR,jcb
692,Audre,Pollak,apollakj7@archive.org,Female,164.116.5.100,846572788,PHP,visa-electron
693,Hewett,Bereford,hberefordj8@phpbb.com,Male,212.197.184.31,2569229466,NIO,jcb
694,Rhett,Muskett,rmuskettj9@mit.edu,Male,28.174.36.124,6508031147,CNY,diners-club-enroute
695,Florry,Bradder,fbradderja@bandcamp.com,Female,53.31.105.25,4689815623,PLN,diners-club-enroute
696,Gerald,Hoble,ghoblejb@independent.co.uk,Male,135.80.158.135,2850689335,UAH,mastercard
697,Lexy,Shalloe,lshalloejc@walmart.com,Female,8.235.90.196,3357970066,RUB,switch
698,Davie,Maffioletti,dmaffiolettijd@google.co.jp,Male,86.149.152.40,5215306400,EUR,visa
699,Janine,Greville,jgrevilleje@sina.com.cn,Female,47.124.94.164,6789539336,COP,jcb
700,Berthe,Rodliff,brodliffjf@themeforest.net,Female,152.155.124.18,9522652407,MXN,solo
701,Iorgos,Virgo,ivirgojg@independent.co.uk,Male,252.70.119.140,8119184505,PLN,china-unionpay
702,Eal,Opdenort,eopdenortjh@netvibes.com,Male,28.25.7.146,2274373205,PLN,mastercard
703,Terry,Comazzo,tcomazzoji@xrea.com,Female,80.174.105.36,5212269822,CNY,diners-club-carte-blanche
704,Becky,Dhennin,bdhenninjj@yellowbook.com,Female,97.9.28.153,1948348535,UAH,jcb
705,Monah,Chilvers,mchilversjk@earthlink.net,Female,9.114.199.18,7357990184,RUB,visa
706,Hollis,Pincked,hpinckedjl@pbs.org,Male,252.162.184.24,8978757413,THB,americanexpress
707,Kerwinn,Brennans,kbrennansjm@hugedomains.com,Male,126.137.162.249,6591224386,PLN,jcb
708,Sacha,Dymocke,sdymockejn@sogou.com,Female,82.178.157.199,3554742031,SYP,bankcard
709,Bailie,Jozefowicz,bjozefowiczjo@altervista.org,Male,79.248.57.16,1113419784,EUR,maestro
710,Margot,Escott,mescottjp@wix.com,Female,132.60.188.37,9998718023,ALL,switch
711,Alfy,Grund,agrundjq@uol.com.br,Male,181.32.246.194,3194434675,SEK,jcb
712,Sean,Younger,syoungerjr@so-net.ne.jp,Female,198.27.135.160,2981346423,IRR,solo
713,Clarke,Brinkman,cbrinkmanjs@auda.org.au,Male,78.75.181.48,4248456133,MUR,switch
714,Astra,Birdis,abirdisjt@istockphoto.com,Female,104.237.138.129,6680093937,EUR,jcb
715,Mychal,Sleney,msleneyju@dmoz.org,Male,16.52.20.32,247717274,PHP,china-unionpay
716,Gabie,Goodday,ggooddayjv@hc360.com,Female,174.125.108.114,5578835201,CNY,mastercard
717,Theda,Johnikin,tjohnikinjw@51.la,Female,77.161.118.58,3000200126,XPF,jcb
718,Oren,Willoughley,owilloughleyjx@e-recht24.de,Male,103.19.89.147,4176299150,RUB,maestro
719,Howard,Osband,hosbandjy@unc.edu,Male,164.130.36.240,4703996189,BRL,laser
720,Roshelle,Robrow,rrobrowjz@ehow.com,Female,101.221.94.115,2523954087,USD,jcb
721,Hersh,Sanpere,hsanperek0@cdbaby.com,Male,153.54.70.137,5099775608,PHP,instapayment
722,Borden,Gilfoy,bgilfoyk1@mozilla.com,Male,34.223.226.105,3698710609,LTL,jcb
723,Loria,Egdal,legdalk2@clickbank.net,Female,199.194.186.66,901146951,IDR,jcb
724,Emalee,Whellans,ewhellansk3@w3.org,Female,47.92.106.67,10192166,IDR,jcb
725,Franklyn,Carley,fcarleyk4@dyndns.org,Male,41.189.26.196,1037667190,CNY,jcb
726,Goraud,Kemmons,gkemmonsk5@hibu.com,Male,253.179.202.30,1078722455,USD,mastercard
727,Reilly,Kingsbury,rkingsburyk6@privacy.gov.au,Male,219.222.232.240,9921292285,IDR,visa-electron
728,Lowe,Fritchly,lfritchlyk7@thetimes.co.uk,Male,57.209.168.231,9864512897,KPW,diners-club-carte-blanche
729,Delbert,Cameron,dcameronk8@comcast.net,Male,101.201.198.61,1607126893,BYR,jcb
730,Ranna,Kirsz,rkirszk9@4shared.com,Female,222.207.24.98,2785363620,CNY,instapayment
731,Zenia,Entwisle,zentwisleka@adobe.com,Female,221.151.234.144,8833113183,PLN,switch
732,Marius,Dootson,mdootsonkb@about.com,Male,65.82.7.124,2162518120,HRK,china-unionpay
733,Lind,Struan,lstruankc@typepad.com,Male,20.191.165.181,2659802009,VND,jcb
734,Karina,Rocco,kroccokd@hubpages.com,Female,151.55.0.243,5154953169,USD,jcb
735,Callie,Christmas,cchristmaske@wp.com,Female,253.185.35.221,720193796,SEK,bankcard
736,Edgard,Hebblewaite,ehebblewaitekf@furl.net,Male,149.245.14.80,1026759625,PHP,jcb
737,Hale,Alabaster,halabasterkg@washingtonpost.com,Male,8.11.5.71,915858223,CNY,jcb
738,Eddie,Wadwell,ewadwellkh@a8.net,Female,155.225.74.60,8585051868,RSD,mastercard
739,Mia,Linney,mlinneyki@psu.edu,Female,73.84.250.147,7667381828,IDR,jcb
740,Jolynn,Holde,jholdekj@fotki.com,Female,215.218.187.4,2743580127,IDR,solo
741,Mal,Yoodall,myoodallkk@berkeley.edu,Male,167.40.114.157,8688382859,ARS,visa
742,Sid,Lasselle,slassellekl@vinaora.com,Male,144.241.142.223,4567401204,YER,americanexpress
743,Theobald,Widd,twiddkm@mozilla.com,Male,67.111.85.106,8346229542,CNY,diners-club-carte-blanche
744,Derril,Haswell,dhaswellkn@gravatar.com,Male,18.19.101.179,2437238336,NIO,switch
745,Gabrielle,Arnull,garnullko@photobucket.com,Female,145.216.209.108,372335691,CNY,bankcard
746,Pete,Szymanowski,pszymanowskikp@barnesandnoble.com,Male,204.136.109.199,8768240279,PLN,bankcard
747,Myrvyn,Mudle,mmudlekq@mashable.com,Male,44.3.70.254,4278147481,CNY,jcb
748,Jacynth,Matisoff,jmatisoffkr@xinhuanet.com,Female,41.105.90.227,2513878140,KHR,jcb
749,Herminia,Domingues,hdominguesks@woothemes.com,Female,162.84.13.76,2174163632,CNY,jcb
750,Issiah,Cordelle,icordellekt@hubpages.com,Male,107.206.212.162,2762340039,IDR,switch
751,Kennie,Eamer,keamerku@scribd.com,Male,43.22.135.197,2102632628,PHP,china-unionpay
752,Darice,Summerfield,dsummerfieldkv@nymag.com,Female,4.240.25.35,4154634968,CAD,mastercard
753,Staci,Kliemann,skliemannkw@sciencedirect.com,Female,140.123.54.12,7596301703,EUR,diners-club-enroute
754,Diane-marie,Naper,dnaperkx@1688.com,Female,128.155.159.107,9067598755,RUB,bankcard
755,Melisande,Kennford,mkennfordky@deliciousdays.com,Female,235.187.34.63,6112218356,EGP,jcb
756,Kaine,Meatyard,kmeatyardkz@un.org,Male,16.242.180.67,134824105,NOK,jcb
757,Laureen,Scorrer,lscorrerl0@indiatimes.com,Female,196.61.98.48,980789834,ARS,jcb
758,Ethelyn,Swansbury,eswansburyl1@toplist.cz,Female,74.52.185.29,2654924262,IDR,maestro
759,Marj,Paylie,mpayliel2@networkadvertising.org,Female,95.121.42.19,8655610593,CNY,jcb
760,Guss,Weeds,gweedsl3@livejournal.com,Male,211.119.169.164,16939093,CZK,diners-club-carte-blanche
761,Hilary,Bowring,hbowringl4@ezinearticles.com,Female,200.40.140.25,3750768358,JPY,jcb
762,Merell,Punyer,mpunyerl5@lycos.com,Male,121.172.195.7,7166607327,CNY,diners-club-international
763,Laraine,Debney,ldebneyl6@ucoz.com,Female,136.210.95.219,7425937271,PHP,jcb
764,Bliss,Urridge,burridgel7@shutterfly.com,Female,30.75.193.249,5246182606,EUR,americanexpress
765,Valli,Bryer,vbryerl8@hud.gov,Female,188.92.153.15,2288329149,CZK,jcb
766,Camilla,Trytsman,ctrytsmanl9@marketwatch.com,Female,167.32.253.46,7558389747,CNY,diners-club-international
767,Levin,Twatt,ltwattla@ovh.net,Male,178.115.60.162,1203732090,CNY,visa-electron
768,Shari,Pitrelli,spitrellilb@accuweather.com,Female,86.49.219.9,6442930149,IDR,jcb
769,Adams,Brailsford,abrailsfordlc@slideshare.net,Male,28.190.2.218,9162144758,SEK,china-unionpay
770,Becky,Colaton,bcolatonld@4shared.com,Female,247.109.168.121,8531014026,RUB,americanexpress
771,Jeana,Dunlea,jdunleale@slashdot.org,Female,135.15.225.184,4169359097,BRL,jcb
772,Prent,Hawton,phawtonlf@devhub.com,Male,241.55.52.178,5454263796,IDR,bankcard
773,Harli,Buard,hbuardlg@cbsnews.com,Female,150.86.133.57,7237977148,IDR,diners-club-carte-blanche
774,Murielle,Le Marchand,mlemarchandlh@lycos.com,Female,81.6.57.116,8746840524,PLN,jcb
775,Boothe,MacGille,bmacgilleli@disqus.com,Male,148.157.249.4,7615798922,IDR,jcb
776,Orbadiah,Meffen,omeffenlj@reuters.com,Male,112.8.104.254,7915645048,KRW,jcb
777,Seth,Spinige,sspinigelk@scribd.com,Male,132.33.66.44,6428244993,COP,jcb
778,Maxim,Pirrone,mpirronell@creativecommons.org,Male,124.218.70.233,1031998438,RUB,diners-club-enroute
779,Chickie,Pleat,cpleatlm@washingtonpost.com,Female,145.99.233.107,6597353439,SEK,jcb
780,Mahmoud,Collman,mcollmanln@hibu.com,Male,180.235.27.47,7112022576,RUB,jcb
781,Vivie,O'Lehane,volehanelo@cmu.edu,Female,77.29.212.76,6969955583,MRO,jcb
782,Zerk,Edden,zeddenlp@pcworld.com,Male,191.27.64.199,483764272,BRL,jcb
783,Elisabetta,Birchall,ebirchalllq@skype.com,Female,233.147.128.213,1873312865,PHP,diners-club-enroute
784,Genevieve,Neesam,gneesamlr@symantec.com,Female,152.53.222.252,4422633406,PKR,diners-club-enroute
785,Shea,Sorbey,ssorbeyls@soup.io,Male,158.144.246.255,7972153213,PHP,diners-club-enroute
786,Ramsay,Heathorn,rheathornlt@home.pl,Male,103.182.88.24,3821078499,CNY,visa
787,Daren,Scafe,dscafelu@state.gov,Male,196.229.147.196,1062825608,SEK,jcb
788,Amory,Kidstone,akidstonelv@europa.eu,Male,149.28.3.146,6944256142,IDR,instapayment
789,Clemmie,Orwell,corwelllw@theguardian.com,Male,111.214.252.151,4210114987,CNY,jcb
790,Kalinda,Killich,kkillichlx@seattletimes.com,Female,244.190.83.36,7338851670,USD,diners-club-enroute
791,Mile,Hodge,mhodgely@usatoday.com,Male,111.77.237.22,7301600380,EUR,maestro
792,Dimitry,Chisnall,dchisnalllz@bloglines.com,Male,105.64.209.250,6749691749,BAM,mastercard
793,Mallory,Houdmont,mhoudmontm0@squarespace.com,Male,88.35.49.79,7883108115,CNY,china-unionpay
794,Ebeneser,Robatham,erobathamm1@craigslist.org,Male,211.17.117.102,6310199021,CNY,jcb
795,Noel,Gleader,ngleaderm2@cmu.edu,Female,247.98.194.109,1268316954,COP,mastercard
796,Ramsay,Arundel,rarundelm3@usda.gov,Male,59.222.144.76,4127937777,CZK,switch
797,Lita,Forrester,lforresterm4@uol.com.br,Female,116.110.53.214,3853518729,EUR,diners-club-enroute
798,Darda,Storrier,dstorrierm5@furl.net,Female,10.204.37.119,7174660584,CNY,diners-club-us-ca
799,Riley,Breton,rbretonm6@jiathis.com,Male,11.62.236.78,3950973729,MXN,china-unionpay
800,Marie,Origan,moriganm7@seattletimes.com,Female,226.183.156.217,4196390048,UAH,switch
801,Ninetta,Gallyon,ngallyonm8@wix.com,Female,206.17.129.92,2387296524,IDR,mastercard
802,Isaak,Bodell,ibodellm9@spotify.com,Male,130.11.119.245,383824354,CNY,jcb
803,Kipp,Cheltnam,kcheltnamma@webnode.com,Female,147.205.182.123,4589458446,PLN,diners-club-us-ca
804,Vivie,Brims,vbrimsmb@ft.com,Female,252.174.242.74,1041843992,EUR,jcb
805,Idette,Human,ihumanmc@discuz.net,Female,32.169.154.185,4833354225,BRL,jcb
806,Rhianna,Wyley,rwyleymd@latimes.com,Female,203.204.160.220,7254446937,SEK,jcb
807,Carri,Acott,cacottme@nba.com,Female,150.6.151.224,9040500134,EUR,laser
808,Aleda,Treverton,atrevertonmf@scribd.com,Female,67.248.144.93,5871761461,CNY,jcb
809,Thaine,Kneesha,tkneeshamg@arstechnica.com,Male,174.106.30.169,4807700332,COP,jcb
810,Murdock,Dibble,mdibblemh@princeton.edu,Male,35.241.211.80,2725013208,IDR,china-unionpay
811,Darnell,Valentim,dvalentimmi@cloudflare.com,Male,49.146.195.200,1657567427,CNY,jcb
812,Wells,Clynman,wclynmanmj@goo.gl,Male,96.127.6.88,3333634562,NGN,jcb
813,Cy,Carnaman,ccarnamanmk@biblegateway.com,Male,65.166.239.18,8813171307,IDR,jcb
814,Gaspard,Bockler,gbocklerml@ameblo.jp,Male,93.187.67.127,2275266275,CNY,jcb
815,Arley,Leggis,aleggismm@cloudflare.com,Male,38.125.178.105,8685524407,PEN,jcb
816,Aland,Manueau,amanueaumn@google.nl,Male,117.80.127.102,887566154,IDR,jcb
817,Chaim,Cursons,ccursonsmo@patch.com,Male,252.35.26.230,2006597868,SEK,maestro
818,Ginnifer,Duckinfield,gduckinfieldmp@rakuten.co.jp,Female,154.212.110.221,9874817542,BRL,mastercard
819,Frasier,De Zamudio,fdezamudiomq@unblog.fr,Male,135.152.236.90,4108183681,SAR,maestro
820,Hermy,Marquis,hmarquismr@skyrock.com,Male,163.236.111.214,109695097,CNY,jcb
821,Beverley,Blissitt,bblissittms@state.gov,Female,6.164.186.241,1206895314,RUB,americanexpress
822,Llywellyn,Goodbourn,lgoodbournmt@tripadvisor.com,Male,87.69.53.20,7295496866,PLN,mastercard
823,Hugo,Jedrachowicz,hjedrachowiczmu@bloglovin.com,Male,135.93.176.27,8364427172,EUR,laser
824,Talbot,Croome,tcroomemv@loc.gov,Male,67.77.114.53,1664121498,RUB,bankcard
825,Raynor,Kell,rkellmw@zimbio.com,Male,60.7.22.252,8835701287,MXN,bankcard
826,Roy,Oventon,roventonmx@accuweather.com,Male,249.132.133.171,3819621431,BRL,bankcard
827,Padgett,Muscroft,pmuscroftmy@youtu.be,Male,176.38.179.86,7518997770,BRL,jcb
828,Angela,Seeman,aseemanmz@livejournal.com,Female,148.178.213.220,524011877,USD,maestro
829,Benjamin,Pettie,bpettien0@scribd.com,Male,209.69.93.223,1501765698,SEK,americanexpress
830,Etta,Whiffen,ewhiffenn1@netlog.com,Female,48.170.66.33,6258758533,NGN,jcb
831,Homer,Scardifeild,hscardifeildn2@behance.net,Male,119.36.82.21,8243356002,EGP,jcb
832,Tabatha,Brion,tbrionn3@nasa.gov,Female,198.86.165.69,4759824731,CNY,instapayment
833,Antonius,MacFaul,amacfauln4@google.nl,Male,20.161.79.246,7938183970,CAD,jcb
834,Vivyanne,Dufaire,vdufairen5@g.co,Female,59.85.23.103,8395951787,PHP,americanexpress
835,Lydia,McPhate,lmcphaten6@gnu.org,Female,249.115.124.229,2882485948,RUB,laser
836,Britt,Catherine,bcatherinen7@msn.com,Female,232.184.112.155,4089215234,USD,maestro
837,Edd,Molder,emoldern8@bloglovin.com,Male,194.231.71.132,1059437007,AFN,diners-club-enroute
838,Verina,Ewbank,vewbankn9@ustream.tv,Female,95.229.247.19,7362185014,VND,china-unionpay
839,Amelita,Carwithim,acarwithimna@addthis.com,Female,238.230.50.205,5391980615,BRL,jcb
840,Cindra,Clemmett,cclemmettnb@economist.com,Female,20.189.162.135,1940098149,EUR,jcb
841,Rustin,Bispham,rbisphamnc@discuz.net,Male,32.122.218.132,365766771,HRK,diners-club-enroute
842,Sibel,Keener,skeenernd@si.edu,Female,52.165.242.3,6000473192,COP,jcb
843,Cyndi,Dunrige,cdunrigene@dropbox.com,Female,63.1.61.49,2304327605,PHP,china-unionpay
844,Gaby,Hitzschke,ghitzschkenf@adobe.com,Female,194.3.147.106,5942230560,RUB,solo
845,Isadora,Daughtry,idaughtryng@netscape.com,Female,163.141.194.203,2378459238,VND,china-unionpay
846,Boigie,De Maine,bdemainenh@acquirethisname.com,Male,168.93.5.248,5845525136,ILS,solo
847,Skippy,Groombridge,sgroombridgeni@yellowbook.com,Male,87.121.237.51,4189408190,SEK,jcb
848,Betti,Eales,bealesnj@elegantthemes.com,Female,220.103.211.56,356301427,JMD,instapayment
849,Jobina,Florio,jflorionk@disqus.com,Female,93.133.53.134,7029272153,CZK,laser
850,Rosabel,Meikle,rmeiklenl@aboutads.info,Female,211.254.82.212,8706144411,JPY,jcb
851,Dodie,Shingles,dshinglesnm@vkontakte.ru,Female,229.84.130.4,1824442149,SEK,jcb
852,Anne-corinne,Aggott,aaggottnn@meetup.com,Female,189.159.233.24,6888735788,BRL,americanexpress
853,Brier,Neicho,bneichono@shop-pro.jp,Female,152.49.236.115,6844027796,SEK,jcb
854,Nicolle,Schenfisch,nschenfischnp@booking.com,Female,93.204.246.85,2480167062,ALL,americanexpress
855,Crin,Adlington,cadlingtonnq@wikispaces.com,Female,120.13.64.70,2778832300,CZK,diners-club-us-ca
856,Elizabeth,Gave,egavenr@csmonitor.com,Female,111.16.54.184,6537073383,IDR,bankcard
857,Silvio,Woolard,swoolardns@domainmarket.com,Male,37.177.227.182,921573286,BSD,mastercard
858,Akim,De Blase,adeblasent@usa.gov,Male,241.211.89.62,2522874500,IDR,jcb
859,Sheffie,Siman,ssimannu@google.pl,Male,66.153.36.252,7357765318,CNY,diners-club-international
860,Fran,Hort,fhortnv@walmart.com,Male,99.115.230.105,6919849585,RUB,mastercard
861,Nat,Gullyes,ngullyesnw@hatena.ne.jp,Male,222.99.44.136,6924459366,NGN,switch
862,Martita,Wye,mwyenx@hugedomains.com,Female,63.120.118.50,8034931896,PHP,jcb
863,Skye,Ernke,sernkeny@washington.edu,Male,83.239.229.138,5110719497,IDR,mastercard
864,Holden,Rollings,hrollingsnz@meetup.com,Male,60.129.242.141,3457383286,EUR,maestro
865,Leeanne,Risman,lrismano0@privacy.gov.au,Female,230.131.64.136,7732071247,BYR,diners-club-carte-blanche
866,Gweneth,Lightbourn,glightbourno1@symantec.com,Female,130.74.144.68,9469973488,CNY,visa-electron
867,Leta,Hayzer,lhayzero2@xinhuanet.com,Female,229.56.187.223,4820388886,CAD,jcb
868,Matelda,Draper,mdrapero3@deviantart.com,Female,146.2.74.22,4907128517,TND,americanexpress
869,Marigold,Bertin,mbertino4@pen.io,Female,135.129.47.144,5457828263,EUR,bankcard
870,Suellen,Lawleff,slawleffo5@miibeian.gov.cn,Female,129.184.222.111,3175828493,BRL,americanexpress
871,Alick,Nunnery,anunneryo6@bizjournals.com,Male,80.126.109.120,5802115971,CVE,mastercard
872,Marcille,Jorry,mjorryo7@plala.or.jp,Female,189.181.137.210,2712335341,IDR,solo
873,Tedman,Poxson,tpoxsono8@simplemachines.org,Male,162.218.22.106,9526653726,CNY,mastercard
874,Tatiania,Jimenez,tjimenezo9@earthlink.net,Female,58.46.141.11,9417517945,IDR,jcb
875,Dickie,Leathwood,dleathwoodoa@rambler.ru,Male,165.109.1.204,8115926337,EUR,jcb
876,Eolande,Considine,econsidineob@reddit.com,Female,190.66.58.43,6280159655,CNY,jcb
877,Horatio,Celler,hcelleroc@army.mil,Male,97.172.21.144,1128399296,KZT,maestro
878,Mary,Pinckney,mpinckneyod@bloglovin.com,Female,70.179.8.254,4380952010,EUR,maestro
879,Camile,French,cfrenchoe@msu.edu,Female,213.64.154.0,3853194532,NAD,diners-club-enroute
880,Zonnya,Proudlove,zproudloveof@amazon.co.jp,Female,227.250.226.167,2681686148,EUR,visa
881,Gabrila,Nurdin,gnurdinog@dropbox.com,Female,217.100.31.105,7755780228,YER,jcb
882,Emalia,Aylwin,eaylwinoh@cocolog-nifty.com,Female,155.102.149.175,7519063666,PHP,china-unionpay
883,Maire,Glazzard,mglazzardoi@live.com,Female,162.198.7.24,1164859579,BRL,diners-club-carte-blanche
884,Dierdre,Barnett,dbarnettoj@cam.ac.uk,Female,108.244.196.57,8970048464,IDR,laser
885,Wendie,Dubble,wdubbleok@cmu.edu,Female,129.188.101.168,2218019493,ILS,jcb
886,Atalanta,Kinchington,akinchingtonol@example.com,Female,176.229.112.15,7269433143,PHP,maestro
887,Georgy,Richley,grichleyom@hatena.ne.jp,Male,98.23.16.156,2392543143,TND,laser
888,Meris,Colson,mcolsonon@ucoz.ru,Female,104.98.185.217,8662006787,EUR,americanexpress
889,Stevie,Cooke,scookeoo@alibaba.com,Male,235.188.245.5,5771332003,IDR,switch
890,Emelina,Farenden,efarendenop@github.com,Female,137.95.71.42,8989742021,IDR,bankcard
891,Gustav,Moir,gmoiroq@weebly.com,Male,102.152.155.146,7396927811,CNY,diners-club-enroute
892,Miner,Showalter,mshowalteror@bizjournals.com,Male,78.217.141.35,4276731089,CNY,jcb
893,Wait,Shee,wsheeos@ebay.co.uk,Male,223.191.244.1,7563833358,NGN,diners-club-enroute
894,Ludwig,Blodget,lblodgetot@hexun.com,Male,112.163.123.158,9708495808,IDR,china-unionpay
895,Nevil,Tregunnah,ntregunnahou@free.fr,Male,56.44.96.4,7804101856,SEK,jcb
896,Cherilynn,Petrillo,cpetrilloov@seattletimes.com,Female,236.136.61.31,7261495255,JPY,jcb
897,Uriah,Baser,ubaserow@comsenz.com,Male,38.17.36.112,7834577166,RUB,jcb
898,Caroline,Coddrington,ccoddringtonox@admin.ch,Female,224.234.27.25,2356443762,THB,china-unionpay
899,Rhianna,Somersett,rsomersettoy@imgur.com,Female,169.225.175.243,6502405592,EUR,jcb
900,Benedetta,Lau,blauoz@imdb.com,Female,138.66.98.53,8394116523,RUB,americanexpress
901,Frasquito,Langridge,flangridgep0@aol.com,Male,113.71.235.206,5637487294,UAH,jcb
902,Hinze,Derham,hderhamp1@patch.com,Male,63.74.137.47,246681381,IDR,jcb
903,Serge,Dorrell,sdorrellp2@posterous.com,Male,130.23.123.105,1317791215,IDR,jcb
904,Lanny,Bette,lbettep3@google.es,Male,232.99.157.70,333202031,SEK,bankcard
905,Monte,O' Loughran,moloughranp4@creativecommons.org,Male,37.79.119.15,7778367475,MKD,bankcard
906,Deloris,Oxberry,doxberryp5@biglobe.ne.jp,Female,16.67.30.233,3581633205,XAF,jcb
907,Kennett,Reek,kreekp6@tmall.com,Male,97.212.24.115,6619243967,CNY,jcb
908,Melita,Keyden,mkeydenp7@mysql.com,Female,249.123.233.114,2768352063,CNY,visa-electron
909,Doro,Litt,dlittp8@paginegialle.it,Female,20.219.33.155,3082598161,CNY,jcb
910,Ricardo,Monelle,rmonellep9@nature.com,Male,118.251.18.148,1282962140,CNY,jcb
911,Anderea,Alkins,aalkinspa@rediff.com,Female,2.22.195.229,7775707828,RUB,jcb
912,Miof mela,Demer,mdemerpb@github.com,Female,196.37.239.113,163814864,PEN,jcb
913,Karna,Whales,kwhalespc@salon.com,Female,107.222.212.90,2787427480,RUB,jcb
914,Skyler,Baiss,sbaisspd@mlb.com,Male,142.249.44.164,1206888016,PLN,visa-electron
915,Eberhard,Shoorbrooke,eshoorbrookepe@adobe.com,Male,28.25.34.244,9530219148,PLN,diners-club-carte-blanche
916,Bordy,Beceril,bbecerilpf@answers.com,Male,32.179.108.224,3539736069,ARS,jcb
917,Matilde,Brenard,mbrenardpg@booking.com,Female,163.213.138.166,822217422,CNY,jcb
918,Simonne,Farrier,sfarrierph@ycombinator.com,Female,37.243.128.186,2837966576,IDR,jcb
919,Kayley,Worland,kworlandpi@amazon.de,Female,208.101.140.91,3677671701,PHP,china-unionpay
920,Davey,Grent,dgrentpj@unc.edu,Male,1.24.41.83,1543476295,CNY,jcb
921,Cynthea,Greggs,cgreggspk@acquirethisname.com,Female,91.208.59.62,7200628115,ARS,diners-club-enroute
922,Gilemette,Francis,gfrancispl@ehow.com,Female,98.31.149.112,6563912753,RUB,americanexpress
923,Heida,Petrolli,hpetrollipm@facebook.com,Female,240.159.64.204,449881385,HTG,jcb
924,Angel,Keming,akemingpn@oakley.com,Male,202.60.147.185,548921148,THB,visa-electron
925,Ailina,Cammack,acammackpo@phpbb.com,Female,98.244.12.205,5442434078,PHP,china-unionpay
926,Kim,Elson,kelsonpp@amazonaws.com,Female,84.145.93.66,5811868731,COP,bankcard
927,Horatio,Klimko,hklimkopq@usa.gov,Male,28.172.178.212,9510451398,THB,mastercard
928,Blinni,Todarini,btodarinipr@abc.net.au,Female,205.191.167.183,6144297790,RUB,jcb
929,Jarid,Haith,jhaithps@dedecms.com,Male,179.178.230.117,6504897476,IDR,jcb
930,Mendy,Gallienne,mgalliennept@sciencedaily.com,Male,105.12.164.0,608720895,CNY,mastercard
931,Barbie,Burger,bburgerpu@aboutads.info,Female,187.77.203.38,321353412,PEN,mastercard
932,Elspeth,Segges,eseggespv@discovery.com,Female,198.252.42.71,2119472459,KZT,jcb
933,Francoise,Hathaway,fhathawaypw@studiopress.com,Female,204.33.147.24,3317959479,RUB,jcb
934,Ibby,Gladwish,igladwishpx@usnews.com,Female,105.215.169.183,5849601058,CNY,jcb
935,Bogey,Pottie,bpottiepy@yahoo.com,Male,132.161.15.245,6951445133,NAD,visa
936,Thaxter,Ormshaw,tormshawpz@histats.com,Male,32.177.9.117,1293586781,SEK,diners-club-enroute
937,Danielle,Locker,dlockerq0@noaa.gov,Female,48.240.176.64,3102746934,CNY,switch
938,Kaja,Dorey,kdoreyq1@prlog.org,Female,152.78.228.248,170424928,MYR,diners-club-enroute
939,Stearne,Edelheid,sedelheidq2@yellowbook.com,Male,203.62.123.14,8942462871,BYR,americanexpress
940,Decca,Room,droomq3@china.com.cn,Male,130.60.212.32,9393021732,ILS,visa
941,Billy,Raimbauld,braimbauldq4@elpais.com,Male,58.203.187.162,5458705610,PLN,visa-electron
942,Shadow,Attwooll,sattwoollq5@fotki.com,Male,40.14.48.56,8395833865,CNY,jcb
943,Dexter,Phateplace,dphateplaceq6@symantec.com,Male,29.91.110.21,6165719740,CNY,jcb
944,Saul,Andrewartha,sandrewarthaq7@plala.or.jp,Male,10.51.143.215,2819481809,JPY,jcb
945,Carilyn,Vanyukhin,cvanyukhinq8@exblog.jp,Female,59.220.185.253,5779295603,BRL,jcb
946,Wes,Housaman,whousamanq9@dropbox.com,Male,8.81.18.200,3097309020,PLN,jcb
947,Leone,Argo,largoqa@hatena.ne.jp,Female,181.27.241.85,7952860542,LAK,laser
948,Fons,Hardy-Piggin,fhardypigginqb@hao123.com,Male,30.92.157.96,9077005188,SEK,jcb
949,Nathanael,Camocke,ncamockeqc@soup.io,Male,76.255.76.45,8153885596,SEK,jcb
950,Merralee,Clowley,mclowleyqd@technorati.com,Female,56.162.39.165,109432479,JPY,americanexpress
951,Giacomo,MacEvilly,gmacevillyqe@wikia.com,Male,136.205.5.85,2296836666,CNY,americanexpress
952,Angy,Lenton,alentonqf@latimes.com,Female,222.92.78.255,7823435675,PHP,jcb
953,Hilliard,Woodfield,hwoodfieldqg@phpbb.com,Male,85.12.17.238,2069929035,CNY,diners-club-enroute
954,Chery,Sherlaw,csherlawqh@omniture.com,Female,111.139.44.12,3600145320,BRL,jcb
955,Mariya,Goadby,mgoadbyqi@nymag.com,Female,218.210.207.185,1534995315,JPY,jcb
956,Liza,Babalola,lbabalolaqj@google.ca,Female,226.221.20.26,4898530621,EUR,jcb
957,Pamela,Higgan,phigganqk@indiatimes.com,Female,103.223.198.82,602097282,SAR,americanexpress
958,Brunhilde,Baccup,bbaccupql@livejournal.com,Female,169.24.199.215,5824311129,RUB,jcb
959,Hobard,Eastabrook,heastabrookqm@fotki.com,Male,131.172.194.61,2212220758,CNY,jcb
960,Mayne,Simonot,msimonotqn@census.gov,Male,11.152.115.127,2465201182,CNY,diners-club-enroute
961,Willow,Tiffany,wtiffanyqo@elpais.com,Female,156.9.151.96,1360977759,EUR,mastercard
962,Hartley,Yarrow,hyarrowqp@artisteer.com,Male,195.133.202.199,1851940219,IDR,jcb
963,Uriah,Scorthorne,uscorthorneqq@google.ca,Male,153.43.191.10,3034558147,HUF,jcb
964,Tyson,MacArd,tmacardqr@addtoany.com,Male,215.16.233.83,8924943731,EUR,diners-club-enroute
965,Jillana,Swallow,jswallowqs@fc2.com,Female,56.238.173.26,5607536335,IDR,jcb
966,Saunders,L'oiseau,sloiseauqt@deliciousdays.com,Male,149.168.28.9,2689075695,ARS,mastercard
967,Leland,Dolan,ldolanqu@trellian.com,Male,226.52.173.139,6471434243,USD,bankcard
968,Cookie,Rigden,crigdenqv@webs.com,Female,166.179.156.98,2734098229,CNY,switch
969,Stevana,Lideard,slideardqw@chicagotribune.com,Female,8.240.108.58,4768645658,MYR,jcb
970,Moina,Towson,mtowsonqx@mozilla.org,Female,156.23.49.227,6313537459,CNY,instapayment
971,Tonnie,Stone Fewings,tstonefewingsqy@pagesperso-orange.fr,Male,148.187.95.124,77718615,SEK,mastercard
972,Bertrand,Cargenven,bcargenvenqz@taobao.com,Male,16.227.234.19,9791086028,CNY,jcb
973,Samson,Lines,slinesr0@who.int,Male,106.49.127.127,2157817999,EUR,visa
974,Veronika,Calcutt,vcalcuttr1@bloomberg.com,Female,39.148.157.159,194763099,PLN,americanexpress
975,Isaac,Liff,iliffr2@ftc.gov,Male,119.170.219.208,6547311554,EUR,bankcard
976,Clovis,Pusill,cpusillr3@sitemeter.com,Female,221.204.84.63,681453419,USD,mastercard
977,Isak,Turton,iturtonr4@amazonaws.com,Male,148.181.26.133,7958304021,HNL,china-unionpay
978,Travers,Speck,tspeckr5@pcworld.com,Male,86.186.198.62,6124434369,CNY,mastercard
979,Salli,Lowrey,slowreyr6@issuu.com,Female,58.140.57.96,2197684728,PLN,jcb
980,Oralia,Pinnocke,opinnocker7@va.gov,Female,250.49.245.33,1977839266,NGN,maestro
981,Cece,Geist,cgeistr8@cyberchimps.com,Male,246.55.128.140,3461228737,RUB,maestro
982,Gasparo,Shakshaft,gshakshaftr9@over-blog.com,Male,47.202.74.112,4147303862,ETB,china-unionpay
983,Guss,Loweth,glowethra@ebay.co.uk,Male,183.109.140.203,7397490328,MWK,jcb
984,Bevon,Larkby,blarkbyrb@networkadvertising.org,Male,194.54.119.72,1398599417,COP,visa
985,Ebeneser,Barz,ebarzrc@rakuten.co.jp,Male,234.254.74.10,2396614460,IDR,mastercard
986,Rupert,Scrimgeour,rscrimgeourrd@addtoany.com,Male,75.121.50.88,7267468756,IDR,jcb
987,Cyndia,Kellaway,ckellawayre@indiegogo.com,Female,65.218.90.54,3334549216,MWK,jcb
988,Inigo,Niaves,iniavesrf@geocities.com,Male,17.150.124.166,9163100916,IDR,mastercard
989,Gaylord,Tuft,gtuftrg@pinterest.com,Male,121.190.55.207,4767521343,CZK,solo
990,Dexter,Moryson,dmorysonrh@economist.com,Male,43.64.27.124,7580460769,USD,visa-electron
991,Daphna,Dannell,ddannellri@gov.uk,Female,161.189.19.40,1077588100,CNY,americanexpress
992,Leia,Stimpson,lstimpsonrj@bloglines.com,Female,103.251.83.73,5108152418,PLN,bankcard
993,Gunner,Barca,gbarcark@mac.com,Male,45.80.88.134,2150887363,EUR,jcb
994,Jess,Georgeau,jgeorgeaurl@pinterest.com,Female,95.67.16.155,7010414629,ARS,jcb
995,Amble,Jakubowicz,ajakubowiczrm@buzzfeed.com,Male,72.232.92.21,7004238555,EUR,switch
996,Zia,Munson,zmunsonrn@issuu.com,Female,11.70.142.21,1229967052,JPY,americanexpress
997,Tye,Kimbell,tkimbellro@vinaora.com,Male,245.63.117.50,8431388250,BRL,visa-electron
998,Auguste,Dungey,adungeyrp@wix.com,Female,196.67.221.174,2440517275,RUB,instapayment
999,Sacha,Durram,sdurramrq@ox.ac.uk,Female,226.14.105.20,2295450209,SEK,americanexpress
1000,Kirbee,Shapiro,kshapirorr@mediafire.com,Female,139.228.4.218,4640392508,CNY,jcb
